input,length,instructions,text_bytes,static_data_bytes,path,gate_pass
54721631111111,11,40894417,1564,49217,B2 R' B R' D' B R2 B R B D',True
14325671111111,11,40198725,1564,49217,B2 R' B R D B2 D R' B' R D',True
41752632313211,11,39218330,1564,49217,B2 R B' R D R2 B' R B D2 B',True
21354672313211,11,38805128,1564,49217,B2 R B' D R D2 B' R D R2 D',True
12745631111111,11,34622457,1564,49217,B R' B R B' D2 B' R' B' R D2,True
52341671111111,11,34380728,1564,49217,B R' B2 R' D' B' R D2 B R' D,True
25714632313211,11,34240739,1564,49217,B R2 B' D' B D2 R' B' D R' B2,True
45312672313211,11,33619687,1564,49217,B R2 B' R' D R2 B' D' B R' D2,True
41625372313211,11,33013234,1564,49217,R' D R' B D B2 R' D B D2 B',True
47265312313211,11,32972221,1564,49217,R' D R' D B D2 R' D R B2 R',True
75246311111111,11,26202673,1564,49217,R2 D R' D B D2 R' D R B2 R',True
15642371111111,11,26096337,1564,49217,R2 D R' B D B2 R' D B D2 B',True
45176233131113,11,25882174,1564,49217,R2 B D' R B' R B R2 D2 B2 R,True
25314673111313,11,25817319,1564,49217,R2 B D' B R' B R B2 D2 R2 B,True
56147231222132,11,25770928,1564,49217,R2 B D' B R2 B2 D' R D' R' D,True
25314673131311,11,25502469,1564,49217,R2 B R' D B' R D B2 R2 D2 B,True
53162743312223,11,25482817,1564,49217,R' B R' B D R2 B' D R B2 R',True
54321673313321,11,25274103,1564,49217,R2 B R' D B2 D2 R' D B' R' B,True
45176231131313,11,25206823,1564,49217,R2 B R' B R' B D R2 B2 D2 R,True
54321673323311,11,25184697,1564,49217,R2 B D' R' D B' R2 D2 R D' B,True
51342763312223,11,25143143,1564,49217,R' B R' D R B2 D' R D R2 D',True
45176231133113,11,25139371,1564,49217,R2 B D2 R2 B2 D R B' R B' R,True
76543211111111,11,24659770,1564,49217,R2 D' R B R B2 R D' B' R B',True
25314673111331,11,24665391,1564,49217,R2 B R2 D2 B2 R B D' R D' B,True
26154372332213,11,24586346,1564,49217,R2 B' D2 B R' D R' B2 R' B R',True
54321673313312,11,24588614,1564,49217,R2 B R' B' D B' D2 R2 D R' B,True
45176231331113,11,24411107,1564,49217,R2 B R2 D2 B2 R B R' B D' R,True
16345271111111,11,24336298,1564,49217,R2 D' R B' R' D R2 D B D B',True
54217362233213,11,23930838,1564,49217,R2 B' R2 B R' D B' R2 B' R B',True
24751362321113,11,23807054,1564,49217,R2 D B2 R2 D' R' D R' B R2 B,True
64157321133212,11,23510860,1564,49217,R2 D R2 B2 D' R' D B' R B2 R,True
52763413222112,11,23491496,1564,49217,R2 B D' B' D B' R2 D2 R B' R,True
52763413223312,11,23428547,1564,49217,R2 B D' R B2 R2 D' R D' B' R,True
74256313111232,11,23218557,1564,49217,R2 D R2 B2 D' B' D B' R D2 R,True
13754262123323,11,23161087,1564,49217,R2 B' D' R B' D R2 D R' D R2,True
32456711233133,11,23009198,1564,49217,R2 D B2 R2 D' B' R B' R B2 R,True
65732411333123,11,22950462,1564,49217,R2 B D2 R2 B2 D R D' B D' R,True
41765322313211,11,22892171,1564,49217,R2 D2 R B' R B R2 D' B D B2,True
52763413322312,11,22738671,1564,49217,R2 B R' B R2 B2 D' R B' D' R,True
52763411222312,11,22715011,1564,49217,R2 B R' D' R B' R2 D2 R D' R,True
23671452122333,11,22697727,1564,49217,R2 B' R' B R' D B2 D R' D B2,True
64325713121222,11,22416307,1564,49217,R2 B D' B R' D' R D2 R B R',True
35721642221213,11,22061639,1564,49217,R2 B D' R B' D' R D2 R D R',True
12345673132313,11,22024431,1564,49217,R B' D2 B' R' B D' R D' R2 D2,True
36725413131311,11,21846864,1564,49217,R B' D2 B' D' B D' B R' D2 R2,True
34162752132212,11,21812320,1564,49217,R2 B D R' B D' R D' R D2 B,True
46257313312211,11,21755411,1564,49217,R2 D R' D B R2 B R2 D2 B D,True
52314673311311,11,21602141,1564,49217,R2 D B' R' D' B D2 R' B D2 B',True
24615372213311,11,21588021,1564,49217,R2 D R' B D R2 D B2 R2 D B,True
45176321131133,11,21397251,1564,49217,R2 D R' D' B' D R2 B' R D2 R',True
25731642232211,11,21402041,1564,49217,R2 B R' B D R' B2 R' D2 R D,True
54217632132212,11,21401829,1564,49217,R2 B R' B R' D' B R2 B D R',True
12345673231313,11,21403700,1564,49217,R B' R2 B' R' D B' R D' R2 D2,True
25341673113311,11,21317762,1564,49217,R2 D R' B' D' B R2 D' B R2 B',True
75243162211322,11,21314858,1564,49217,R2 B2 R B2 R2 B R2 D' R2 D2 B,True
72561433311233,11,21308129,1564,49217,R D2 R2 D R' D R' B R' D B2,True
27546312231122,11,21276274,1564,49217,R2 B2 R D2 R2 D B2 R' D2 R2 B,True
25631741212121,11,21263779,1564,49217,R2 B R' D B' D' R B2 R B D',True
57214632212213,11,21258604,1564,49217,R2 B R' D R B' R2 B' R2 B R,True
47165321322131,11,21244573,1564,49217,R2 B2 D2 B' R D' R2 B' R B' R2,True
74513263121222,11,21240531,1564,49217,R2 B R D' B D' B R' D R2 B,True
12367451312222,11,21225410,1564,49217,R D2 R2 D B' D R' D B' D R2,True
24615733113323,11,21115885,1564,49217,R2 B D2 R2 B2 R' D B' D B2 D',True
34561272212213,11,20960779,1564,49217,R D B2 R2 D2 B R D' B R' D',True
23165743331312,11,20917983,1564,49217,R2 B2 D2 B' R B' R2 D' B D' R2,True
32147652233213,11,20901977,1564,49217,R D B2 R2 D2 B R B' D R' D',True
53672142221213,11,20875963,1564,49217,R2 B R B' D B' D R' D B2 R,True
76254133311323,11,20866236,1564,49217,R2 B D2 R2 B' R' D B' D R2 D,True
41532672313211,11,20846973,1564,49217,R2 B' R D R' D2 R' D' B' D B2,True
23165742131333,11,20861240,1564,49217,R2 B2 D2 B' D B' R2 D' R D' R2,True
36725413111313,11,20804135,1564,49217,R B' R2 B' D' B R' B R' D2 R2,True
63725143123313,11,20708050,1564,49217,R2 B2 D2 B' D R' D2 B' R D' B2,True
42351763231133,11,20688865,1564,49217,R2 B D2 R2 B' D' R B' D R2 D,True
32145671111111,11,20646123,1564,49217,R2 B' R B' D' B D2 B D R D',True
71625433213133,11,20631202,1564,49217,R2 B D B' D B' R B' R B2 D,True
47352612313211,11,20604968,1564,49217,R2 B' R2 B' R' D' R D2 B D' B,True
24615731132333,11,20527843,1564,49217,R2 B R2 D2 B2 D' B R' D B2 D',True
35267141321132,11,20517250,1564,49217,R' B D R' B2 R D' B R D2 B2,True
63172452313211,11,20502776,1564,49217,R2 B' R B R' D2 R' D' R' B D2,True
45321673113311,11,20409182,1564,49217,R2 B' D R B2 R' B R2 D' B2 D,True
54367211213333,11,20418420,1564,49217,R D B2 D2 B D R2 D2 R' D2 B,True
54312673311311,11,20311265,1564,49217,R2 B' R D B2 D' R B2 D' R2 D,True
54367212211322,11,20291348,1564,49217,R D R2 D2 R B R2 B2 R' D2 B,True
34561272232211,11,20258565,1564,49217,R D R2 B2 D2 R D R' D B' D',True
52741632123323,11,20252428,1564,49217,R D R2 D2 R B D2 B2 D' B2 R,True
32147652332213,11,20225066,1564,49217,R D R2 B2 D2 R D B' D B' D',True
12347651111111,11,20191287,1564,49217,R2 B' R B D B2 D B' D' R D',True
16527431312222,11,20199277,1564,49217,R D R' B' D R D2 R2 B2 R B',True
61352472313211,11,20150411,1564,49217,R2 B' R2 B' D' B' D R2 B R' D,True
62135743312223,11,20147111,1564,49217,R2 B R2 B2 D2 R' B' D R' B R2,True
42615371313332,11,20136533,1564,49217,R2 B D2 R2 B2 R' B D' B D2 B',True
63125741112323,11,20123232,1564,49217,R2 B R' B D R2 B2 D' R2 D B,True
76321453311233,11,20046194,1564,49217,R D R' B R' B R2 D2 B2 R B',True
75314621313212,11,19996343,1564,49217,R' B D B' D2 B R' B R B2 D2,True
74256311321222,11,19969590,1564,49217,R2 B R2 D2 B' D' R D' R D2 R,True
74123653132232,11,19944623,1564,49217,R D2 R2 D B' R B' R B' R B2,True
16543271221223,11,19862236,1564,49217,R D2 R2 D R' B R' B R' B R2,True
25413672323111,11,19805656,1564,49217,R' B R D' B2 D B' D R B2 D2,True
41635721212121,11,19801901,1564,49217,R D2 R' D' R D' B R2 B D' B,True
45376121131133,11,19756088,1564,49217,R2 B' R B D2 B' R B2 D' B2 D,True
24751362221231,11,19757382,1564,49217,R2 B R2 D2 B' R' B D' B R2 B,True
74165233111313,11,19729738,1564,49217,R B2 R2 B' R D' R D' R' D2 R',True
24563713121222,11,19717358,1564,49217,R D2 R' B' R D' B D2 B D' R,True
26317451212211,11,19694971,1564,49217,R2 B2 R' D' R' D B2 D B2 D' R2,True
25364172311231,11,19669435,1564,49217,R' B R B' D2 B D' B R B2 D2,True
16254733312223,11,19657040,1564,49217,R D R2 B' D' R2 D' B R B2 R,True
46215372313211,11,19587963,1564,49217,R2 B2 R B' D R D2 B' R D R2,True
35624712321212,11,19598638,1564,49217,R B' D R2 D2 B' D B' R' D B,True
74165233231313,11,19600417,1564,49217,R B2 R2 B' R' B2 R' B' D B' R,True
74165233132313,11,19581076,1564,49217,R B2 R2 B' R' D2 R' D' R D' R,True
36725412111212,11,19519192,1564,49217,R B2 R D R' B R' B R2 B2 R',True
17326452212111,11,19451428,1564,49217,R2 B2 R' B' R' D R2 D R2 D' R2,True
26435712222122,11,19435055,1564,49217,R2 B R2 D2 B2 D' R D' R B2 R',True
14367523311113,11,19428111,1564,49217,R D' R' B' R B' R' D2 R' D' B,True
36754123232222,11,19429865,1564,49217,R B' D B2 D' B R' B D R' B2,True
12374562111212,11,19405982,1564,49217,R B' D B2 D2 R' D R' B' R B,True
34561273313321,11,19385253,1564,49217,R B' R' D2 B' R D' B2 R2 B' R,True
63725141112323,11,19349356,1564,49217,R D R2 B' R B R2 D2 B R' D',True
56123471331332,11,19346008,1564,49217,R D B2 D2 B D B2 D2 B' R2 D,True
76312452212111,11,19293437,1564,49217,R2 B D' B' D R B' D R2 D' R,True
12345672321212,11,19272044,1564,49217,R B D' R2 B' R B2 R B' R' D2,True
54367213112222,11,19264060,1564,49217,R B' D R' D2 R B2 R' D2 R D',True
52741633321223,11,19248243,1564,49217,R B' D B' R2 B R2 B' D2 B D',True
32156741112323,11,19192459,1564,49217,R2 B R' B D R2 B' D R B2 R',True
71264533231223,11,19206717,1564,49217,R B' D R2 D' R D' R D R' B2,True
74165233131311,11,19204673,1564,49217,R B2 R2 B' R B' R D' R' B2 R',True
76321453323311,11,19207152,1564,49217,R B' D' R2 D B2 D' B D2 B R',True
36725412123212,11,19202973,1564,49217,R B2 R D B' R B' R B2 R2 B',True
12367452113333,11,19191706,1564,49217,R B' D B2 D2 R' D R' B' R B2,True
12345672121232,11,19147564,1564,49217,R B D2 B R D' B D' B' R2 B2,True
76321452123323,11,19141031,1564,49217,R B' D R B2 R B' D2 R2 B R',True
61235741313131,11,19131597,1564,49217,R B' D' B D R D2 R2 B' R B,True
24731561111111,11,19084686,1564,49217,R2 B R' B R2 D R' D' B' D2 B',True
74165231121212,11,19081749,1564,49217,R B D2 B D B' D B' R' B2 R2,True
72543613132232,11,19060527,1564,49217,R D R' D R' B R2 D2 B2 R B',True
34527612231332,11,19049210,1564,49217,R B' D R2 D2 B' D B' R' D B2,True
21347562312323,11,19018448,1564,49217,R2 D2 R B' D B R2 D' R B R2,True
32647512333233,11,18996923,1564,49217,R2 B2 R' D' B' R D2 R B2 R' B2,True
24315673311311,11,18985133,1564,49217,R2 B D' B' D' R D2 B' D R2 D',True
36125743222331,11,18963881,1564,49217,R2 D B' D' B' R D2 B' R B2 R',True
74165232111212,11,18956419,1564,49217,R B D' B2 R' B R2 B R' B' D2,True
14632571111111,11,18921902,1564,49217,R2 B R' B2 R' D' B' R D2 B R',True
75462132123212,11,18924950,1564,49217,R B' R D2 R2 B' D B' D' B R,True
14763251221223,11,18919315,1564,49217,R D R' D' B R D2 R2 B2 R D',True
63541271212211,11,18881768,1564,49217,R2 B D B' R B R2 B2 D' B' R,True
36725412321212,11,18887985,1564,49217,R B2 R B R' B R' D B2 D2 B',True
54367213312133,11,18865969,1564,49217,R B' R B' R2 B R2 B' R2 B R',True
12354761112323,11,18845040,1564,49217,R2 B R' D R B2 D' R D R2 D',True
76321453313312,11,18836831,1564,49217,R B' R' D2 R B2 R' D R2 D R',True
76541232131213,11,18797114,1564,49217,R D' B2 D' R B D R2 D2 R B,True
31564272212111,11,18789484,1564,49217,R2 B D2 B2 R D' B' D B2 R B,True
67321451212211,11,18769522,1564,49217,R2 B R' D' R D R' B R2 B' R,True
72361542333233,11,18755966,1564,49217,R2 B D R' D R B2 R2 D' R' B,True
67132541133311,11,18755267,1564,49217,R D' R2 B2 R' B2 D B2 D2 B D',True
74165231313131,11,18743669,1564,49217,R B D2 R B' R2 B' D R' B R2,True
16527432211322,11,18727287,1564,49217,R B' R B R' B D2 R2 B' D R2,True
56274312313211,11,18691350,1564,49217,R D R' D B D2 R' D R B2 R',True
36712542121211,11,18701966,1564,49217,R B' R B2 R2 D' R B' R' D R,True
45276131131133,11,18687123,1564,49217,R2 B D' R' D' R D2 B' D B2 D',True
36725413131113,11,18698211,1564,49217,R B D2 R B' D2 B' D R' D R2,True
12765432222212,11,18686132,1564,49217,R D' B2 D' B D R D2 R2 D R,True
72561432213122,11,18677081,1564,49217,R B' R D2 R2 B' D B' D' B R2,True
15324673113311,11,18655221,1564,49217,R2 B R' D' R' D R2 B' D B2 D',True
73624513121132,11,18660050,1564,49217,R D2 B' D2 R D' B R' B R' D,True
73615241112323,11,18624135,1564,49217,R B' R B2 D2 R2 B R' B R' D,True
52614372313211,11,18616732,1564,49217,R D R' B D B2 R' D B D2 B',True
16527431222132,11,18616879,1564,49217,R B' R D' R B' R D2 R2 D' B2,True
12345673131323,11,18611065,1564,49217,R B R2 D B' D2 B' R B' R D2,True
16427532333233,11,18581986,1564,49217,R2 B D2 B2 R B' R' B D2 R D,True
45376213131323,11,18562734,1564,49217,R2 B2 R D B2 D' R2 D B' R' D2,True
36725412121211,11,18572597,1564,49217,R B2 R B D' R B' D R2 D2 R',True
76254313211111,11,18558396,1564,49217,R2 B D2 B2 R2 D' B' R B' R D2,True
46127353131323,11,18527553,1564,49217,R B' R' D R D B2 D2 R' B R,True
45312673132313,11,18368331,1564,49217,R2 B2 R D R2 D' R2 D R' B' D2,True
12345672123212,11,18356229,1564,49217,R B R' B2 D' R B2 R D' R' D2,True
72543613322312,11,18361601,1564,49217,R B' D' B2 D B2 D' R D2 R D',True
76512343213313,11,18338273,1564,49217,R D2 B' R2 D R' B R' B D' B,True
17265433111313,11,18306206,1564,49217,R D2 R B R' D R' B2 R' B R',True
76512343332311,11,18293601,1564,49217,R D2 B' R2 D R' D R' B D' R,True
64531271212211,11,18262409,1564,49217,R2 B R2 B2 D R' D' B D2 R B,True
74165232121211,11,18259500,1564,49217,R B R' D2 B' R D2 R D' B' D2,True
36741252122123,11,18261662,1564,49217,R B' R B2 R2 D' R B' R' D R2,True
32147651213333,11,18246308,1564,49217,R B' R D R' B D2 R2 B' R D2,True
24351761111123,11,18232904,1564,49217,R2 B D2 B2 R2 D' R' B R' B D2,True
43675122222122,11,18209253,1564,49217,R B' D' R D R B2 R2 D' B D,True
36725411313131,11,18203772,1564,49217,R B R2 B2 R' D' R2 D' B' R B',True
12456731132321,11,18182583,1564,49217,R2 D R' B2 R' B' R' D R2 B D',True
74165233131323,11,18192450,1564,49217,R B R' B D' R' B2 R' D' B2 D2,True
74165231212121,11,18170041,1564,49217,R B R2 B D R' D B' R' B2 R2,True
32147562333233,11,18152018,1564,49217,R2 B R' B' D R D' R D2 R' B,True
32517463131311,11,18143424,1564,49217,R D2 R D R' D B' D2 B' D R',True
45312673231313,11,18127995,1564,49217,R2 B2 R B D2 B' R2 B R' B' D2,True
32416753121222,11,18134166,1564,49217,R D R2 B' D' B2 D' B D R2 D,True
36725411212121,11,18129529,1564,49217,R B R2 B D R' D B' R' D2 R2,True
36725412121232,11,18129216,1564,49217,R B R2 B R B2 R2 B' D' R B',True
24615732111323,11,18119016,1564,49217,R D2 B' D2 B D2 R' B D2 B2 D',True
74165233131113,11,18099187,1564,49217,R B R2 B2 R' D' B2 D' R' B D',True
26435712322322,11,18087507,1564,49217,R D2 B' D2 B R2 D' B R2 B2 R',True
36145272131213,11,18066642,1564,49217,R D' R2 D' B R B R2 B2 R B,True
36725411131313,11,18075836,1564,49217,R B R2 D B' R2 B' D B' D R2,True
67254311131133,11,18024368,1564,49217,R2 B D2 B' D2 R D' R2 D B D',True
36725412121112,11,18036345,1564,49217,R B R2 B R D' R B' R' D2 R2,True
25341762313223,11,18026757,1564,49217,R2 B R' D R B2 D2 R' D2 R D,True
74165232121112,11,18033472,1564,49217,R B R2 B R D' R B' R' B2 R2,True
32567412222212,11,18020641,1564,49217,R D' R2 D' R B R B2 R2 B R,True
36725411121212,11,18020432,1564,49217,R B R2 B D B2 D2 B' R' D R',True
36514272212111,11,18000654,1564,49217,R2 B R D' R D B2 D2 R' D' R,True
54612371112311,11,17978951,1564,49217,R2 B R2 B2 D2 R' D' R D' B D2,True
56347212111221,11,17939672,1564,49217,R2 B2 R' B R2 D' B' R' D2 B D,True
74165231131313,11,17944353,1564,49217,R B R' D R' B' R2 B' R' B2 R2,True
16527431123333,11,17911745,1564,49217,R B2 R2 B' D' R B' D R' D B2,True
76145231122112,11,17885075,1564,49217,R2 B2 R' B D2 R' B' D' B2 R D,True
54367212333113,11,17905492,1564,49217,R B2 R' B D' R' B R D' B R',True
12367451123333,11,17895732,1564,49217,R B2 R2 B R D' R D' R D' R2,True
21345762223322,11,17879345,1564,49217,R D2 B' R2 B R2 D' R D2 R2 D',True
76145231221112,11,17852662,1564,49217,R2 B2 R' D B2 R' B' D' R2 B D,True
67354211313113,11,17840610,1564,49217,R2 B2 R' D B D' R2 B2 R B2 R,True
62351743112123,11,17841785,1564,49217,R2 D R' B R2 D R' B' D' B2 D',True
23165742131321,11,17836808,1564,49217,R D2 B' R2 B D2 R' D R2 D2 R',True
34527612211322,11,17842476,1564,49217,R B2 R2 B' D R' B R' D B R2,True
52741632212231,11,17840293,1564,49217,R B2 R' B R' B' R D R' D B',True
24351673311311,11,17815999,1564,49217,R2 B D2 B' R2 D R' D2 R B D',True
43765212222122,11,17801345,1564,49217,R D B2 D2 B' R D2 B' D2 B R,True
67354211333111,11,17770049,1564,49217,R2 B2 R' B D B' R2 D2 R D2 R,True
72561433321133,11,17763620,1564,49217,R B2 R2 B D' R B' D R' D B2,True
72543613223312,11,17757478,1564,49217,R B' R' B2 R D2 R' B D2 B D',True
54367211333213,11,17750549,1564,49217,R B2 R' D B' R' B R B' D R',True
63725142123131,11,17716830,1564,49217,R D B D2 B2 D B R D' R2 D',True
64125371131313,11,17715118,1564,49217,R B' D2 B R' D R' B2 R' B R',True
32147651123333,11,17702260,1564,49217,R B2 R D R D2 B D' R2 D' R,True
75231463211123,11,17688971,1564,49217,R D B2 D' R B' D B2 D' R2 D,True
34527613312133,11,17679907,1564,49217,R B2 R2 B' D2 R' D B2 D2 B' R',True
34561273321133,11,17679131,1564,49217,R B2 R2 B D2 R' B R2 B2 R' B',True
51267342312233,11,17648958,1564,49217,R B' D B2 D B' R D' R' B2 D2,True
56123473133132,11,17655468,1564,49217,R B' R D' R2 D B2 D' B2 D R',True
36741252123323,11,17629664,1564,49217,R B2 R2 B' R D' B R' D R B2,True
27643513311233,11,17620841,1564,49217,R D2 R2 D R2 D2 B2 D B2 D2 R',True
41263751312222,11,17607795,1564,49217,R D2 R2 D B2 D2 R2 D R2 D2 B',True
13275641112323,11,17597710,1564,49217,R B2 R' B R' B R' B D' R2 D2,True
13265741112323,11,17584977,1564,49217,R D R2 D' B2 R2 D R B' D B2,True
72543611331332,11,17596593,1564,49217,R B' D B R' B R2 D2 B' R B2,True
14763251222312,11,17575463,1564,49217,R B' R' B2 D' R B' R2 D2 R' D,True
63542713121333,11,17562204,1564,49217,R B' R B2 R D' R B' R' D2 B2,True
47216352131333,11,17555723,1564,49217,R D B2 D2 B' R B2 D' B2 D R,True
76321453233131,11,17546361,1564,49217,R B2 R2 B R2 D' B R2 B2 R' D',True
51324673113311,11,17517088,1564,49217,R2 B R2 B' D2 R B' D2 B R D',True
52163473323332,11,17513506,1564,49217,R2 B2 R' D R2 B' R' D' R2 B R,True
72561433321223,11,17526736,1564,49217,R B2 R2 B' D2 R' D R2 D2 R' D',True
46153273131131,11,17511431,1564,49217,R D' R2 B2 R' D2 B D2 B2 D B',True
71264533231313,11,17510235,1564,49217,R B D2 B' D2 B D' R2 D' R D2,True
63574212313211,11,17484924,1564,49217,R D' R B R B2 R D' B' R B',True
62435172311132,11,17431881,1564,49217,R D B R2 B2 R D R D' B2 D',True
67154233323332,11,17419005,1564,49217,R B D' B R2 B2 D' R D' R' D,True
52741633313321,11,17400503,1564,49217,R B D' R D' R' B R B' R B2,True
36741253233131,11,17383185,1564,49217,R B2 R2 B R' D B' D R' B D2,True
63752411333213,11,17357881,1564,49217,R2 B2 R' B R D' R2 B2 R B2 R,True
34527612231122,11,17370257,1564,49217,R B D2 B2 D' R B2 D R2 D2 R',True
32417562113321,11,17351104,1564,49217,R B' R D' B' D B2 D R D' B,True
34527612331322,11,17361645,1564,49217,R B2 R2 B D R' D R' D R' D2,True
25471631312213,11,17348542,1564,49217,R B' D R2 D R' D R' B' R2 D2,True
12367451213333,11,17355694,1564,49217,R B2 R2 B' R B' D R' D B D2,True
54321672212213,11,17343117,1564,49217,R B D' B R' B R B2 D2 R2 B,True
63752412333113,11,17314614,1564,49217,R2 B2 R' D R D' R2 B2 R D2 R,True
32165741111111,11,17279911,1564,49217,R D B' D B' D B2 D2 B R' B',True
12367453112222,11,17299240,1564,49217,R B2 R2 B' R2 D' R B2 R2 B' D',True
65314272313211,11,17263339,1564,49217,R D' R B' R' D R2 D B D B',True
54367212231122,11,17283950,1564,49217,R B D2 B2 D B D2 B2 D' R2 B,True
14763253222112,11,17256700,1564,49217,R B' R B' R B' D B2 D2 B' D2,True
34561272122321,11,17252256,1564,49217,R B2 R2 B' D' B R' D R' B R2,True
72435163333313,11,17234162,1564,49217,R D' B D' R2 D' B' D' B R2 D,True
46127352131333,11,17240003,1564,49217,R B' R' B D B D2 B2 R' B D,True
56147232332213,11,17239911,1564,49217,R B D' R B' R B R2 D2 B2 R,True
12367541113331,11,17205665,1564,49217,R D2 B D2 B' D R' D R' B' R,True
63142571132321,11,17202361,1564,49217,R2 B' D2 R B D2 B R2 B D' B2,True
32147652331322,11,17199112,1564,49217,R B2 R2 B' R' B R' D B' R B2,True
53714622233111,11,17173021,1564,49217,R B' R D2 R D' R D' B' R2 D2,True
16527432331322,11,17168880,1564,49217,R B2 R B R D2 B R' D2 R' D,True
52741632212213,11,17156966,1564,49217,R B D2 R D' R' D2 R' D2 B D',True
34561272213122,11,17148721,1564,49217,R B D B' D2 R2 D R B R' D2,True
31654272313322,11,17132217,1564,49217,R B' R B2 R D' R B' D2 B R2,True
52763143222331,11,17131501,1564,49217,R2 B' D B D2 B' R D2 B' D2 B,True
41725361321213,11,17127985,1564,49217,R D B2 R2 D' R' D R' B R2 B,True
54367212332213,11,17072432,1564,49217,R B D2 R D' B' R2 B' D2 R D',True
36741252122321,11,17052761,1564,49217,R B2 R2 B R B' R D' R B' D2,True
47251363131113,11,17030894,1564,49217,R B' R2 B R' D B' R2 B' R B',True
34216572213122,11,17022199,1564,49217,R D2 R2 D R2 D2 B2 D' R2 D2 B,True
32674152113333,11,17001689,1564,49217,R D2 R2 D B2 D2 R2 D' B2 D2 R,True
41352671222111,11,17007910,1564,49217,R B D' R' D B' R2 D2 R D' B,True
34561273311233,11,17001033,1564,49217,R B D B' R2 D2 R' D' R B2 D',True
54321672232211,11,16969858,1564,49217,R B R' D B' R D B2 R2 D2 B,True
72145633312223,11,16954118,1564,49217,R D2 B R' D B R2 D' R D B2,True
36712542121112,11,16964637,1564,49217,R B R' D2 B2 D B R D' R' B,True
65132472212231,11,16936591,1564,49217,R2 B2 R B R2 B' D2 B D' B' R2,True
41352671212121,11,16911985,1564,49217,R B R' D B2 D2 R' D B' R' B,True
52341672323312,11,16882175,1564,49217,R2 B R2 D B2 D R' B D2 B D,True
52714361232113,11,16877564,1564,49217,R D B2 D2 R' B R' B' R D2 B',True
35624712121232,11,16835457,1564,49217,R B R2 B D2 R' D B D2 B R2,True
16527432231122,11,16836968,1564,49217,R B R' D' B D2 R' B R' D' B,True
76321452122321,11,16830796,1564,49217,R B2 R B D B2 R B' R2 B' D,True
52741633323311,11,16822918,1564,49217,R B D' R D R2 D B' R2 D2 B,True
32147651312222,11,16804688,1564,49217,R B D R' D2 B2 D' R' B R2 D',True
76321452213122,11,16787768,1564,49217,R B D B' D2 R2 D R B R' B2,True
36712542122111,11,16754601,1564,49217,R B D' R B' R2 D R' D R D2,True
73624513332131,11,16742741,1564,49217,R D2 B' D2 R D' R D' B D' B,True
42163751121212,11,16735397,1564,49217,R B' R2 D' R' B R D' B2 D R,True
63142573112123,11,16717101,1564,49217,R2 B' R2 D B R2 B R2 B D' R2,True
16745233333313,11,16718314,1564,49217,R D' B2 R B R2 B' D' B2 D' B',True
76321453321133,11,16728136,1564,49217,R B R' D' R B D2 B2 R2 B R',True
65243712121322,11,16705530,1564,49217,R B2 R D2 R2 D B2 R D2 R2 B2,True
16527432333113,11,16713999,1564,49217,R B D2 R2 B2 D R B' R B' R',True
15762342122213,11,16702405,1564,49217,R B D' R B' D R2 D R' D R',True
47165322133112,11,16697786,1564,49217,R D R2 B2 D' R' D B' R B2 R,True
56147232333113,11,16701381,1564,49217,R B D2 R2 B2 D R B' R B' R,True
32761453121312,11,16676695,1564,49217,R D' B2 R B D2 B' R' B2 R' B',True
54367121113331,11,16672357,1564,49217,R D2 B D2 B' D R' D R' B' R',True
56147232233213,11,16678894,1564,49217,R B R' B R' B D R2 B2 D2 R,True
26534713333313,11,16665110,1564,49217,R D' R B' R B2 D R' B' R' B2,True
54367211222132,11,16667899,1564,49217,R B R' B D' B' D B R' B D2,True
12356743113131,11,16661848,1564,49217,R B D2 B' R2 B D' B2 D' B R2,True
37426513132313,11,16645571,1564,49217,R B R2 B' R2 B D' R2 D' B D2,True
67345122223133,11,16638200,1564,49217,R D B' R2 D2 R D B R' B2 D,True
26547313131323,11,16630074,1564,49217,R B2 D2 B' D R' D R2 D' R2 D,True
71264533131323,11,16628404,1564,49217,R B R2 B R2 B' R D2 B' D2 B,True
16534723211123,11,16612695,1564,49217,R D2 R B D2 B' D' B2 R B D,True
31524673332122,11,16623331,1564,49217,R D' R' D' R B' D' B2 D' R' B,True
52741632232211,11,16624952,1564,49217,R B R2 D R' B' R2 B' D2 R D',True
16273541122133,11,16617295,1564,49217,R B' R2 D2 R D R2 D R B' R,True
26743512121232,11,16613750,1564,49217,R B' R2 D' R' D R D' B2 D B,True
54367212233213,11,16618542,1564,49217,R B R2 D R' D' R2 D' R2 B D',True
34561273321223,11,16619337,1564,49217,R B D R2 D2 B' R B' R D R2,True
46275312112232,11,16605789,1564,49217,R D R2 B2 D' B' D B' R D2 R,True
67245311112311,11,16606007,1564,49217,R D R' D B R2 B R2 D2 B D,True
56123471333123,11,16616101,1564,49217,R B2 R' D R' B' R B R' D R',True
35624712331232,11,16609723,1564,49217,R B R' D B' R2 D B' R B D2,True
12374561121212,11,16601562,1564,49217,R B R2 B R2 D' R B D2 B R2,True
45736121122211,11,16585848,1564,49217,R D B D2 B' D R2 B' D2 B R',True
52341673323212,11,16582960,1564,49217,R2 B R D2 R B' R D2 R B2 D,True
71523463231313,11,16593342,1564,49217,R B2 R2 D' B D' B' D R B' D,True
14763251332331,11,16591126,1564,49217,R B2 R2 B' R' D B' D R' B D2,True
71263542323123,11,16559936,1564,49217,R2 B' D2 R B R2 B D2 B R' D2,True
12356741313131,11,16564736,1564,49217,R B R2 D B' D2 R2 D R' B' R2,True
72561433221233,11,16553044,1564,49217,R B D R2 B2 R' D B' D' R2 B,True
34561272122123,11,16526157,1564,49217,R B D R' B2 D2 B D B R' D2,True
24376512222122,11,16514814,1564,49217,R B' R D2 R D' R D' R2 D B2,True
45621373211111,11,16498472,1564,49217,R D R' B D R2 D B2 R2 D B,True
76321452122333,11,16502308,1564,49217,R B R2 B2 R' B D2 R D2 R2 D,True
76321452122123,11,16503390,1564,49217,R B D R' B2 D2 B D B R' B2,True
23657142121112,11,16492113,1564,49217,R B' R D R2 B2 D R' D2 R D2,True
35624712321332,11,16476214,1564,49217,R B R' B R2 D R' B2 R' B R',True
26435713333133,11,16462082,1564,49217,R D B2 R2 D' B' R B' R B2 R,True
36741252122333,11,16469203,1564,49217,R B R2 B2 R' B R2 D B2 D2 B',True
32147653112222,11,16470227,1564,49217,R B D B2 D2 R' B D' R D B2,True
56271433132313,11,16458530,1564,49217,R B2 R2 D' R D' B' R D B' D,True
64275132211133,11,16453881,1564,49217,R D B' D2 R2 D B R B' R2 D,True
25734613113323,11,16448557,1564,49217,R D2 R B D2 B D' B' D2 R2 B',True
47165322313211,11,16441172,1564,49217,R B D2 B R2 B2 D2 B R2 B' D',True
36125471222111,11,16418930,1564,49217,R2 B R2 D B2 D B' R D2 R B,True
34675212222122,11,16420111,1564,49217,R B' D R' B2 D B' D B D2 B,True
24617532233321,11,16402250,1564,49217,R2 B2 R B' R D R2 B' R B D2,True
41756231321213,11,16404933,1564,49217,R D2 R D R2 D B' D' R2 B2 D',True
71263541333222,11,16399227,1564,49217,R2 B' R2 D B D2 B R2 B R' B2,True
71264533221323,11,16406889,1564,49217,R B R2 D B' R2 D2 R B' R' D2,True
16527433312133,11,16401261,1564,49217,R B R B2 R2 D' B R' B R B2,True
52741632122333,11,16398979,1564,49217,R B R2 B2 R D B2 D2 B' D2 R,True
41352671212112,11,16398767,1564,49217,R B R' B' D B' D2 R2 D R' B,True
27415633321322,11,16387802,1564,49217,R D R' D R D' B2 R D' R B',True
23517462131333,11,16379503,1564,49217,R B' R B' D' B D2 B R D' B,True
42615372313211,11,16369596,1564,49217,R B D2 B D2 B2 R2 B D2 B' D',True
34561273221233,11,16379718,1564,49217,R B R' D R' D2 B2 D R D R2,True
52741633221233,11,16368619,1564,49217,R B D R2 B2 R' B' R2 D' R' D,True
32147652113333,11,16358011,1564,49217,R B R B' D2 R2 D B D B' D2,True
54367211132222,11,16349573,1564,49217,R B D B2 R2 B' R B' D' B2 R',True
12374561211212,11,16345134,1564,49217,R B R' B R' B2 D R' D B D2,True
17435623211123,11,16336390,1564,49217,R B2 D' R B D R2 D2 B' D B,True
13246571113232,11,16327738,1564,49217,R D' B' D2 R D R2 D' B' R2 B',True
72365413121312,11,16324597,1564,49217,R D' R2 B R B2 R' D' B2 D' B',True
36542712121322,11,16305687,1564,49217,R B2 R D2 R2 D' B2 R B2 R2 D',True
12367451132222,11,16305479,1564,49217,R B D B2 R2 B' R B' D' B2 R,True
76143253333313,11,16288662,1564,49217,R D' R2 B R D2 R' D' R2 D' B',True
41237561313131,11,16293514,1564,49217,R B2 D2 B' D B' R B2 R' D2 R,True
74152363133222,11,16302474,1564,49217,R B' R B2 R' D B' R B D' B2,True
13642573221221,11,16299477,1564,49217,R B' R D2 R' D R' D R D' B2,True
56743213121213,11,16257654,1564,49217,R D B2 R' D R D B2 D2 R' B,True
23416752121211,11,16247792,1564,49217,R B' R B' D' B D2 B R D' B2,True
62435172211133,11,16239438,1564,49217,R D R' D2 B2 D R B D' R2 B,True
54321672212231,11,16242597,1564,49217,R B R2 D2 B2 R B D' R D' B,True
16527432113333,11,16227402,1564,49217,R B R B' D2 R2 D B D B' R2,True
32716452123212,11,16219729,1564,49217,R B' R D' B' D B2 D R D' B2,True
34561273233131,11,16223697,1564,49217,R B R' B' D B R2 B2 D2 B R',True
74123653133132,11,16223367,1564,49217,R B2 R2 B' R2 D' R D2 R2 D' R',True
16543271332331,11,16190683,1564,49217,R B2 R2 B D B' R B' D B' R2,True
56174321232113,11,16168993,1564,49217,R D R2 D2 B' D R' D' B D2 R',True
47132563222331,11,16172764,1564,49217,R2 B D' R' D R D' B R2 B' D,True
14763253133222,11,16170956,1564,49217,R B2 R2 B R2 D' B D2 B2 D' B',True
71453623311122,11,16152905,1564,49217,R D B2 D' B D' R B2 R' D2 R,True
47632513212332,11,16150204,1564,49217,R2 B2 R' B' D' R D2 R D2 R' D2,True
43576212112232,11,16143871,1564,49217,R D2 R D B2 D B' D' B2 R2 D',True
71643523331213,11,16138220,1564,49217,R B D2 B' D2 B' R D R' B D2,True
36125471212112,11,16131494,1564,49217,R2 B R B2 R B' D B2 D R2 B,True
41673252212222,11,16136384,1564,49217,R B D2 B' R2 B' R B D' R D2,True
52741633313312,11,16144816,1564,49217,R B R' B D B2 D B' D2 R2 B,True
12376541232233,11,16128482,1564,49217,R D' B' R2 B' D' R2 D B R2 D',True
32147651132222,11,16140953,1564,49217,R B R' B D' B2 R2 B R D B2,True
34715262221123,11,16129067,1564,49217,R B' D' R B' D R2 D R' D R2,True
35174262213131,11,16113151,1564,49217,R B' D B2 D' R D2 B' R2 B R2,True
63752141111111,11,16089557,1564,49217,R D R' D B' D R2 D2 R D' R',True
72543613221221,11,16088639,1564,49217,R B2 R2 B D2 R' B D2 B2 D' R',True
34625172111212,11,16068333,1564,49217,R B' R B2 R D' R B' D2 B R',True
15746321111111,11,16050618,1564,49217,R D2 R B' R B R2 D' B D B2,True
16527432231332,11,16067746,1564,49217,R B R D' B2 R2 B R D B' R2,True
67345122232133,11,16053808,1564,49217,R D R D2 R2 D R D B' R2 B',True
74123653133222,11,16066328,1564,49217,R B2 R2 B R' B R' D B' R B2,True
42615372213311,11,16053107,1564,49217,R D B2 R' B D R2 B2 D B' R',True
56271433111313,11,16054657,1564,49217,R B2 R B2 R2 B' R2 D' R2 D2 B,True
27534161111123,11,16038553,1564,49217,R D' R2 D' R B2 R D2 B D R2,True
23165741112323,11,16037900,1564,49217,R B R2 D' B D R2 B2 D R' D',True
36172452133133,11,16045439,1564,49217,R D R2 D2 R' D B2 R' B2 R B,True
27365412321212,11,16043446,1564,49217,R B' R D2 R D' R D' R2 D B',True
14736521321231,11,16023999,1564,49217,R D' R' D2 R' D' B2 D R D2 B',True
63725142223133,11,16029521,1564,49217,R D R' B2 D2 B R B R' D2 B,True
71523463131311,11,16031909,1564,49217,R B2 R B' R2 B' D B2 R B' R2,True
16543271331332,11,16033358,1564,49217,R B2 R2 B' D B' D R' B D B2,True
54723612131312,11,16012907,1564,49217,R D2 R' D2 B R D2 R2 D' R' D2,True
63512743313333,11,16007957,1564,49217,R B D' B R B2 D2 R' D2 R2 B',True
56147231333213,11,16009055,1564,49217,R B R2 D2 B2 R B R' B D' R,True
76321542211112,11,15992671,1564,49217,R D B D' R B' D B2 D' B2 R',True
43621752213323,11,15995462,1564,49217,R B2 R B2 R2 B R2 D R2 D2 B2,True
74521633133333,11,15982547,1564,49217,R D2 R' D2 B R B2 R2 B' D' R2,True
16527431333213,11,15990315,1564,49217,R B R2 D2 B2 R B R' B D' R',True
31275461322233,11,15977317,1564,49217,R B' D B2 R2 D2 B D' B D' R,True
47136252133112,11,15974014,1564,49217,R D2 R B R2 B R' D' B2 R2 D',True
16543273221221,11,15984823,1564,49217,R B2 R2 B D' B R' D R' B R2,True
56123472322121,11,15980267,1564,49217,R B D2 B2 D B R2 B2 R' B2 D,True
76321452212231,11,15977302,1564,49217,R B R2 D2 B2 R B D' R D' B',True
24736512222332,11,15965556,1564,49217,R D B' D R' B R' B2 R D2 B',True
34265712212132,11,15964181,1564,49217,R D R2 D2 R' D R2 B' R2 B R,True
71546322231212,11,15951502,1564,49217,R B R' B R' D B2 D R' D B',True
53761242221213,11,15950545,1564,49217,R B2 R' D' R B' R D2 R D' R,True
24537613231322,11,15926092,1564,49217,R D2 B R2 B' R B' D R' B' D,True
43617521223221,11,15936382,1564,49217,R D B' D2 R D' R B D' R2 D',True
64275132232133,11,15927044,1564,49217,R D R B2 R2 B D R B' D2 B',True
17362452213311,11,15914815,1564,49217,R D' B2 D' R B2 R B2 D B D2,True
41725362313223,11,15920767,1564,49217,R D B2 R' B R B2 D2 R D' R',True
56123471222312,11,15922693,1564,49217,R B D' B D' R' B D R' D B2,True
17543261111111,11,15893075,1564,49217,R D B' R2 B R' B D R2 B2 D2,True
56321742211112,11,15899687,1564,49217,R D R D2 R' B R2 D' B2 D B',True
12356741133131,11,15909014,1564,49217,R B R2 B D2 B' R B2 D' B2 D,True
36712542121121,11,15891926,1564,49217,R B R2 B R B2 D B2 D2 B' D',True
24167353132232,11,15888214,1564,49217,R D B' R2 D R' B D B' D2 B',True
56123473322312,11,15889692,1564,49217,R B D' B D R2 D B' D2 R2 B,True
34617252132212,11,15881058,1564,49217,R B2 R' B' R B' D B2 D B' R,True
41725362313211,11,15867680,1564,49217,R B R2 B D2 B2 R2 B R2 B' D',True
52167432122222,11,15843630,1564,49217,R D2 R' B2 D R D2 R2 D' B' D2,True
32147652231332,11,15853885,1564,49217,R B R D' B2 R2 B R D B' D2,True
31275461112233,11,15823890,1564,49217,R B' D R2 B2 D2 R B' D R' B,True
23157462131123,11,15812676,1564,49217,R D B' R B' D R' B2 R D2 B',True
73642511111111,11,15794490,1564,49217,R B2 R' D' R D2 B' D' R D' R2,True
71523463331312,11,15812090,1564,49217,R B2 R2 D' R B' R' D R B' R,True
17426531232233,11,15793686,1564,49217,R D' R' B2 R' D' R2 D R B2 D',True
14735621223332,11,15793849,1564,49217,R2 B D' B2 R' D R D' B R2 D2,True
72561342313223,11,15784462,1564,49217,R D' B2 D' B D2 B R2 D R D2,True
72543611332331,11,15800281,1564,49217,R B2 R D B D2 R B' D2 B' R,True
45273162222122,11,15788010,1564,49217,R B2 D2 B' R B' R D2 R' B2 R,True
46275312313211,11,15759641,1564,49217,R B R2 B R2 B2 D2 B D2 B' D',True
74521633121213,11,15718723,1564,49217,R D2 R' B2 D R B2 R2 B' R' D2,True
21457631321123,11,15715547,1564,49217,R2 B D2 R' D R' D B D2 R D',True
52361472121313,11,15716713,1564,49217,R D B2 D2 B' D' B2 R B2 R' D2,True
41725631111111,11,15695154,1564,49217,R B' D' R' D R2 B' D2 B D' B,True
71643252231212,11,15693959,1564,49217,R B D2 B2 R' B R' D' B R B',True
46275313312211,11,15693346,1564,49217,R D R2 B' R D R2 B2 D R' B',True
63724153121213,11,15676759,1564,49217,R D B R2 D2 B D' R D' R D',True
56213743313333,11,15676048,1564,49217,R B R2 B' D2 R2 B R B' R B',True
15634722123332,11,15664318,1564,49217,R D' R2 B R2 B' D' B2 R2 D R',True
13246571111111,11,15652831,1564,49217,R B2 R' B' R D2 B' R' B D' B2,True
14763251333123,11,15675147,1564,49217,R B D2 R2 B2 D R D' B D' R',True
47653213211231,11,15647818,1564,49217,R2 B D2 R' D R D2 B R B' D',True
56271433123313,11,15654199,1564,49217,R B2 R2 D' B R' B' D R D' R,True
53146272123233,11,15638483,1564,49217,R D R B2 R' D R2 B' R2 B R',True
64357213231322,11,15634260,1564,49217,R D2 B R2 B' R B' D R' B' D',True
14763253133231,11,15646232,1564,49217,R B D' R D' R2 B2 R B R D2,True
31627452221333,11,15625005,1564,49217,R B' R' B R' D B2 D R' D B2,True
42167532131333,11,15620352,1564,49217,R B2 D2 B' R D' R D2 R' D2 R,True
73654122111122,11,15604431,1564,49217,R D' R2 B R2 B' R' D2 B2 R B',True
45362712122222,11,15606796,1564,49217,R B D' B R' D' R D2 R B R',True
56743212221222,11,15592545,1564,49217,R D B2 D2 B' D' R2 B R2 B' D2,True
34721652221222,11,15588112,1564,49217,R D B2 D2 B' D' R2 B R2 B' R2,True
31265472233321,11,15581001,1564,49217,R2 B R' D2 B' D R D' R D2 B2,True
17526432123233,11,15577510,1564,49217,R D B R' D B' D B2 D' R2 B',True
72163453331333,11,15577262,1564,49217,R D R2 D2 R' B' R2 D R2 D' R2,True
31267542313133,11,15573227,1564,49217,R B' R D2 R' B D2 R' B2 R B2,True
27615432113321,11,15567519,1564,49217,R D R2 B2 D R2 D R B' R B2,True
74123652322121,11,15582087,1564,49217,R B D2 B2 D' R D2 B R2 B2 R',True
72543611223221,11,15582549,1564,49217,R B D' B D' R2 B2 R D B D2,True
36217452131333,11,15565874,1564,49217,R B' R B' D2 R D' B R D2 R,True
71326543333313,11,15564347,1564,49217,R B2 R2 B R2 B2 D2 B R2 B2 D',True
27613543333133,11,15564550,1564,49217,R B' R B R2 D2 B R' B2 R B2,True
35417622223133,11,15560284,1564,49217,R D R2 D' R B' R B2 R' B2 R,True
31265471111111,11,15541714,1564,49217,R B' D B2 D' B R' D R2 B2 D2,True
72163452122222,11,15549551,1564,49217,R D R2 B' D B D R2 D2 B' R,True
62317453312211,11,15543140,1564,49217,R D' R2 D' B R2 B D2 R B D2,True
13572641122133,11,15540911,1564,49217,R D R2 D' R2 B2 D R D' B D2,True
13274651112323,11,15524019,1564,49217,R B2 D' B2 D' R D' R2 B2 D' R,True
76345122211112,11,15524576,1564,49217,R D B D' R B' D B2 D' B2 R,True
27415363131113,11,15531756,1564,49217,R B R' B D' R' B R B D2 B2,True
16347252131312,11,15524171,1564,49217,R D R2 B' D R B D2 B2 R' B,True
54127633133333,11,15521705,1564,49217,R D B2 R' D B D B2 D2 R' B,True
26517343333313,11,15525828,1564,49217,R B2 R2 B D2 B2 R2 B' R2 B2 D,True
71436253333112,11,15505020,1564,49217,R D' B R' B R2 D R' D' B' D2,True
41367253111133,11,15500849,1564,49217,R B' R2 B R2 B2 R B2 D B2 D',True
71534262122222,11,15489421,1564,49217,R D R D2 B2 R D' R B' R D',True
37651242211133,11,15489518,1564,49217,R D R2 D' B R' B R2 B' R2 B,True
14625731111111,11,15456305,1564,49217,R B' D R' B2 R D2 B' D R D,True
75143263231313,11,15465876,1564,49217,R B2 R2 D2 B' D2 B' R' B R' B',True
23147562123131,11,15453185,1564,49217,R D R D2 R D B2 D' B' D2 R,True
52763411333123,11,15459256,1564,49217,R B D2 R2 B2 D R D' B D' R,True
24761531221223,11,15450450,1564,49217,R D R' D2 B R' D B R' B2 R',True
16453271111111,11,15426674,1564,49217,R D R' B2 R B' R D R2 B2 D2,True
53614721212121,11,15428434,1564,49217,R B2 R B2 R2 B' R2 D B2 D2 R',True
24351673111133,11,15389905,1564,49217,R D B' D B2 D' B D' B R D2,True
34721652121313,11,15391962,1564,49217,R D B2 D2 B' D' B2 R B2 R' B2,True
71546233331213,11,15389619,1564,49217,R B D R' B2 R D' R D R' B2,True
63251743133231,11,15394927,1564,49217,R D R' B2 D R' D R D' B2 D',True
72543613133222,11,15394150,1564,49217,R B R' D B' D R2 B2 D2 R B',True
32175462312323,11,15375289,1564,49217,R2 B R2 B' R D R2 D2 R B R',True
24637512311132,11,15369764,1564,49217,R D R B2 R B R2 B' D' B2 R,True
24563712121232,11,15377679,1564,49217,R B R' D2 B' R' D2 B R D2 R2,True
43126572133313,11,15368936,1564,49217,R B R2 B' R2 B' R D B' R D2,True
13276451113211,11,15367843,1564,49217,R B' R2 B' R D R2 D R' D2 R',True
23756413322312,11,15374284,1564,49217,R B D' B' D B' R2 D2 R B' R,True
56743213331333,11,15359249,1564,49217,R D R2 D2 R' B' R2 D R2 D' B2,True
16475233132313,11,15357953,1564,49217,R B2 R2 D2 B' R2 B' R' D R' B',True
56123473222112,11,15363919,1564,49217,R B R' D R' D' B R B' D B2,True
31265741233331,11,15350959,1564,49217,R D R D' B D' R B2 R B R,True
24716532323231,11,15343532,1564,49217,R B' R2 B' D B R2 B R' D2 R',True
46127351131313,11,15328012,1564,49217,R B R2 B R' D R D2 R D R',True
52167433133333,11,15316461,1564,49217,R D B2 D2 B R D R' D2 R' B,True
56123473223312,11,15325768,1564,49217,R B R' D R D2 R B' R2 D2 B,True
65147321232113,11,15300223,1564,49217,R B' D R2 B' R B D' R D2 R2,True
23756413222112,11,15310805,1564,49217,R B D' R B2 R2 D' R D' B' R,True
13276451233133,11,15292380,1564,49217,R B' R B R' B2 D2 B R' B2 R',True
41576322212222,11,15287770,1564,49217,R B D B' D2 B R' D B R' B2,True
51472361131313,11,15286400,1564,49217,R B2 R B R' B D' R2 D' B D',True
31275463311122,11,15264049,1564,49217,R B2 D' B D R D2 R2 B' R B,True
13276541213312,11,15251098,1564,49217,R2 B D' R2 B' D R B' D R2 B2,True
24563711121212,11,15256916,1564,49217,R B R' B2 D' R' B2 D B D2 B2,True
62174351122133,11,15251520,1564,49217,R B R2 D2 B R2 B R D' B D',True
56341273121213,11,15242290,1564,49217,R D B2 D2 B R B R' D2 R' B,True
51732643121213,11,15225170,1564,49217,R B D' R B' D' R D2 R D R',True
73615241113322,11,15220328,1564,49217,R B' R D2 B2 R2 D B' R B' R,True
57236141323232,11,15209260,1564,49217,R2 B D R' B2 R D' B R D2 B2,True
23475162121112,11,15217775,1564,49217,R B R2 B R2 B' D R' B' D2 R2,True
42136752131312,11,15214648,1564,49217,R B D R' B D' R D' R D2 B,True
21346752313322,11,15201097,1564,49217,R D R2 B2 D R' D' R' B2 R2 D',True
46123573232123,11,15194052,1564,49217,R D' B2 R D' R D' B' R' D R2,True
72164353131113,11,15190509,1564,49217,R B2 R D R' B D' B2 D' B R',True
14763252322121,11,15201550,1564,49217,R B R' B' R B2 D' R B' R' D,True
53724612121112,11,15186768,1564,49217,R B D' R B R2 D2 B' R2 B2 D',True
34516722313223,11,15180015,1564,49217,R D2 R D B2 D' B' D2 R B R,True
14567231312213,11,15169402,1564,49217,R D R' D' B D2 B D' R' B R,True
36152741231312,11,15172133,1564,49217,R B' D' R D2 B' R D' B' D2 B',True
17435622211133,11,15164596,1564,49217,R B2 D' B R D R2 D2 B' R D,True
13576241312213,11,15156579,1564,49217,R B2 R2 D' B D' B2 D' R' D R',True
43216573212332,11,15153312,1564,49217,R2 B R2 B2 D B' D' B R2 D B,True
21376541122211,11,15140730,1564,49217,R D R D' R B' R B2 R' D2 B',True
17425631322332,11,15132489,1564,49217,R2 B R D2 B R' D R2 D R' B2,True
24351671212211,11,15122893,1564,49217,R D B' R' D' B D2 R' B D2 B',True
45613272233111,11,15116109,1564,49217,R B2 R2 D' R D' B2 D' R' B R',True
36714521232113,11,15104916,1564,49217,R D B' D2 R D' B' D' B2 D2 R,True
76342513322111,11,15097259,1564,49217,R2 B R' B2 D' B D R' D B2 R2,True
56123471223221,11,15114764,1564,49217,R B R B2 D2 B' R' B2 D' R' B,True
14673251111111,11,15080209,1564,49217,R B' D' R D2 B' D B R B' R2,True
71462533111223,11,15082510,1564,49217,R D2 B' D R2 D2 R' D R2 B' R2,True
47126351233232,11,15089301,1564,49217,R D R' B R D' B2 R D' B D',True
61734523222331,11,15084695,1564,49217,R2 B R B' R D B2 D2 R' B' D,True
31754621331122,11,15069317,1564,49217,R2 B R2 B D2 R B D' B D' B',True
37614521111111,11,15061316,1564,49217,R B' D R2 D' R2 B D' R' D' R,True
64275133231112,11,15073287,1564,49217,R B2 D' B2 D R2 B' R D2 R2 D',True
53761242121211,11,15060594,1564,49217,R B R B2 R2 B' D2 R B D B2,True
76312543322222,11,15049662,1564,49217,R D2 B' R D2 R2 D' R D2 B' R2,True
41735261323313,11,15052145,1564,49217,R D' R D' R2 D' R' B' D B2 R,True
71435263211123,11,15052218,1564,49217,R B2 R B' R B' R B' D' B2 D2,True
14763253221221,11,15048721,1564,49217,R B R' B R' D B2 R2 D2 B R',True
13265742131312,11,15024180,1564,49217,R D R B2 D2 R B' D R' B D',True
31246753312211,11,15019520,1564,49217,R D2 R D R2 D' B' R2 D B R,True
41726532312233,11,15022727,1564,49217,R B2 R2 D' B R' B2 R' B' D R',True
36714522121322,11,15015190,1564,49217,R D B' D2 B' D R D R2 D2 R,True
12367541112212,11,15013712,1564,49217,R B' D' R2 D B' R2 D B2 D' B2,True
51642731113322,11,15014525,1564,49217,R D B2 D2 R' D B' R' B R2 D',True
34617252111212,11,15007652,1564,49217,R B R D2 R B D B2 R' B R',True
56721432312233,11,14992458,1564,49217,R D R B' R' D R' D' R B2 R,True
63751242221321,11,14998291,1564,49217,R B' D B R' B2 D2 B D' B2 D',True
21357462311111,11,14988666,1564,49217,R B' R2 D2 R B D2 B R D' R,True
72165432111122,11,14974364,1564,49217,R D2 R' B2 R B' R' B D2 R D2,True
24615731122313,11,14984729,1564,49217,R B2 D' B2 D B2 R' B D2 B2 D',True
56123472331331,11,14996081,1564,49217,R B R2 B2 R D R2 D2 R' B2 D,True
16543272331331,11,14989690,1564,49217,R B R2 B2 R' B D2 R B2 R2 B',True
52463713212332,11,14973626,1564,49217,R2 B R2 B' R2 D B' R2 B R B',True
21345671111111,11,14958590,1564,49217,R B' D2 R' B R' B' R D2 R B,True
15246371331332,11,14980054,1564,49217,R B D' B R' B2 D R' B D B2,True
52147633111112,11,14958502,1564,49217,R D2 R' D B D B' D R' D2 B,True
12347652123332,11,14956507,1564,49217,R D2 R' D2 R B' D' R D2 B D2,True
47123562232133,11,14955780,1564,49217,R D B D2 R' B' R2 B R D2 R,True
37642152213311,11,14951263,1564,49217,R D2 R B R2 B' R' D2 B R B,True
37624512121322,11,14947167,1564,49217,R D B' R2 B' R B D B2 D2 B,True
53761242321212,11,14946039,1564,49217,R B R B2 R B R B2 D' R B',True
72543612331331,11,14954359,1564,49217,R B R2 B2 R' B R2 D R2 D2 R,True
14763253132232,11,14932929,1564,49217,R B R B' R2 D2 R' D' B D2 R',True
56147322333233,11,14913747,1564,49217,R D R' D' B' D R2 B' R D2 R',True
52463173212332,11,14914783,1564,49217,R2 B R' B' D' R B2 D' B D2 B',True
14763253133132,11,14918698,1564,49217,R B R D2 R2 B' R D' B R D2,True
61452731311313,11,14901365,1564,49217,R B' R' D' R D' R' B2 R' D' B,True
57364212213311,11,14896215,1564,49217,R D B' R' D' B2 R2 D' R B' D,True
65274131111111,11,14882096,1564,49217,R B' R D' B2 D B2 R' D B D,True
14523673121312,11,14877685,1564,49217,R B' D' B D2 B2 D B' D' R D2,True
54723613333313,11,14875924,1564,49217,R D B2 R' D' B2 D B D2 B R',True
54163272233111,11,14869586,1564,49217,R D R B R' B2 D' B R D R,True
32741651121311,11,14863174,1564,49217,R D2 R' B R D B' R D' R2 B,True
51324672212111,11,14865284,1564,49217,R D R' B' D' B R2 D' B R2 B',True
34617252123212,11,14867834,1564,49217,R B R B R2 D2 R' D' R2 B' D2,True
17356242211331,11,14860592,1564,49217,R2 B R2 B R2 D B D' R B' R',True
72543611221223,11,14876759,1564,49217,R B R D' R2 B2 R' B' R D2 B',True
62571432321233,11,14856327,1564,49217,R B' D' B2 D B' R2 D B2 D' R2,True
56123473133231,11,14863218,1564,49217,R B R D2 B2 D' R' B2 D' B' R,True
32175461111111,11,14830497,1564,49217,R B' R B2 R' D B' D R2 B2 D2,True
54127632131213,11,14818475,1564,49217,R B' D B R' D' R B R' D R2,True
72563411112131,11,14808970,1564,49217,R D2 R' D R D B' D B' R2 D,True
54127633131212,11,14810397,1564,49217,R D R2 D2 R' B' D2 R D2 R' B2,True
71452632222131,11,14811207,1564,49217,R D R' B R' D R' D2 R B2 D',True
73615242223133,11,14809440,1564,49217,R B2 D' R D R B2 R2 D' B D,True
72163453131212,11,14784955,1564,49217,R D R2 D2 R' B' D2 R D2 R' D2,True
74123653133231,11,14796840,1564,49217,R B R D2 B2 D' B R' D' R2 B,True
16543271223221,11,14792638,1564,49217,R B R B2 D2 B' D R' D' B2 R,True
54371621113112,11,14765086,1564,49217,R2 B D B' D2 B R' B R B2 D2,True
73642513223222,11,14760966,1564,49217,R D2 B' D B2 D2 B' R D2 B' D2,True
37615423121132,11,14764324,1564,49217,R B2 R2 B' D B2 R' D2 R D2 B',True
72345611111111,11,14738916,1564,49217,R B' R2 B' R' D' R D2 B D' B,True
15624732123212,11,14733656,1564,49217,R B' D B' R2 B D2 R D' B2 D,True
43571262122222,11,14739685,1564,49217,R B R D' B D' B R' D R2 B,True
71365423331312,11,14736041,1564,49217,R B2 R2 D2 B' D2 B' D' B R' B',True
54723613121312,11,14727666,1564,49217,R D B2 R' D' R2 D R B2 R D',True
63725143122113,11,14731365,1564,49217,R B2 D' R2 D R2 B' D B2 D2 B',True
27615431312333,11,14716358,1564,49217,R D B D2 R2 B D' B R' D R',True
32671453123313,11,14719923,1564,49217,R B2 R2 D2 B' R2 B' D' B D' B',True
16735242122213,11,14717839,1564,49217,R B R2 B2 D' R B' D' R D R',True
31765242322121,11,14717692,1564,49217,R B' D B' D2 R B' R D R2 D,True
42673512232133,11,14692785,1564,49217,R D B R2 B R B2 R' D' B2 R,True
24615732233321,11,14697547,1564,49217,R B' R' D B R2 B2 D2 B R' D,True
16347253121312,11,14690275,1564,49217,R B' D2 B' R B R D2 R2 D B,True
16273541321321,11,14683842,1564,49217,R B' D R D' B2 R2 B R' B2 R',True
23756413223312,11,14682397,1564,49217,R B R' D' R B' R2 D2 R D' R,True
32567412131312,11,14664612,1564,49217,R B' D R' B2 D2 R D R' D B2,True
13276541322311,11,14659461,1564,49217,R2 B R2 B' D B R2 B2 R B D',True
15724632123233,11,14656812,1564,49217,R D B R' D B' D B2 D' R2 B,True
41725362221213,11,14661152,1564,49217,R B2 D' R2 D B2 R' D B2 D2 B',True
14752631111111,11,14648146,1564,49217,R B' R' D' R D2 B' D2 B R' B,True
42615372221213,11,14656162,1564,49217,R B2 D' B2 D R2 B' R B2 R2 B',True
12673542331133,11,14653531,1564,49217,R D R' D R' D B' R2 B R2 D',True
34721652222212,11,14649744,1564,49217,R B' D R D' R' D R B' D B2,True
36547212131312,11,14644203,1564,49217,R D R2 D2 R D B R' B2 R' B,True
46275312132212,11,14645667,1564,49217,R B2 D' B2 D B2 R' B R2 B2 R',True
12543671111111,11,14629695,1564,49217,R B' R D R' D2 R' D' B' D B2,True
76125343333133,11,14642804,1564,49217,R B2 R B2 D' B' R B' D R' B,True
25741361232113,11,14628646,1564,49217,R B' R D2 B' R D R' B D2 B2,True
23756411222312,11,14646344,1564,49217,R B R' B R2 B2 D' R B' D' R,True
47165322132212,11,14633443,1564,49217,R B2 D' R2 D R2 B' D R2 D2 R',True
54367121112212,11,14627721,1564,49217,R B' D' R2 D B R2 D' R2 D B2,True
53462711113322,11,14626857,1564,49217,R D R2 D2 B' R D' R' B D2 R',True
32174561232113,11,14618373,1564,49217,R D R' D2 B R' B' R' D2 R2 B,True
56243713121333,11,14619784,1564,49217,R B R2 D B D2 R' D B2 D2 R,True
16547321113331,11,14611131,1564,49217,R B2 D' R2 D B D2 R2 B' D' R2,True
25736141111123,11,14603139,1564,49217,R D R' D' B' D2 R2 B' R D' R,True
73615243332311,11,14607381,1564,49217,R B2 R2 B' R D2 B' D2 B D2 R',True
47165321232113,11,14597639,1564,49217,R B D' R2 B2 R B R D' B2 R,True
72134562312212,11,14590512,1564,49217,R B2 D' R2 B D' R B' D B' D,True
23165741231312,11,14590132,1564,49217,R B2 D' R2 D B2 R' D R2 D2 R',True
12354762121211,11,14581098,1564,49217,R B' D R' D2 R D2 B D' B2 D,True
74325613121312,11,14576677,1564,49217,R B' R' B D2 B2 D R' B' R D2,True
36547212122222,11,14574038,1564,49217,R D R2 D2 R D R B' R2 B' R,True
37651422312311,11,14573576,1564,49217,R D2 R' B D R D' R2 B D' B',True
52741362313223,11,14569017,1564,49217,R D B' D' B' R2 D2 B' R B' D,True
51726433123313,11,14567181,1564,49217,R B D2 B2 D' R B2 D' R2 D B,True
74136522322121,11,14575099,1564,49217,R B R' D B2 R D' R2 D' R B',True
67215343333133,11,14568321,1564,49217,R B R2 B D2 B' D R' D' B2 R2,True
53421671321111,11,14556594,1564,49217,R2 B R D' B2 D B' D R B2 D2,True
73615423213211,11,14556537,1564,49217,R D2 R' D R B D' R2 B R' B',True
56143273332323,11,14540269,1564,49217,R D2 R' B D B D' B R' D2 B,True
47251632131312,11,14543500,1564,49217,R B R' B R' D' B R2 B D R',True
16542372112331,11,14524190,1564,49217,R D' R D R2 D2 B2 R' D' R B2,True
61274351313131,11,14514368,1564,49217,R B D2 R B R2 D' B D2 B2 R,True
37415622333221,11,14508676,1564,49217,R D2 R' D B R D' R2 B D' R',True
76541233333313,11,14511347,1564,49217,R B' D' R D2 R2 D R' B' D R2,True
54172633132313,11,14506173,1564,49217,R B D2 R B D2 R' B R2 B2 D,True
51472633331312,11,14507592,1564,49217,R B R2 D2 B D2 B R D' R B',True
76342513213112,11,14500417,1564,49217,R2 B R B2 D R' D B2 D B' D2,True
76354122111212,11,14497887,1564,49217,R B' R D' R2 D R2 B D' R2 D,True
75613243131332,11,14498872,1564,49217,R D2 R' B R B R' D2 B R' B',True
15246371332331,11,14496253,1564,49217,R B R' B2 D2 B R D R' D' R,True
13254762321233,11,14477593,1564,49217,R D B2 D' R' B2 D B' D R B',True
23165742123131,11,14474151,1564,49217,R B D B2 D2 B D R D' R2 D',True
73615243213313,11,14476657,1564,49217,R B2 R2 B' R B2 D' B2 D B2 R',True
32167451111111,11,14459704,1564,49217,R B' R B R' D2 R' D' R' B D2,True
42157633231322,11,14466554,1564,49217,R B2 D' B2 D B D2 R2 B' R' D2,True
46135272133313,11,14468251,1564,49217,R B R B' D2 B D' R B R' B2,True
74521633121312,11,14461642,1564,49217,R D R2 B' D' R2 D B R2 B D',True
74132563131221,11,14458901,1564,49217,R D2 B' R B2 R2 B' D R2 B' D2,True
56732143122113,11,14463662,1564,49217,R B' R' D R2 B' R B' R' B2 R',True
45376121331311,11,14456751,1564,49217,R D B' R D2 R' D B' D B R2,True
75234162221111,11,14453705,1564,49217,R D B2 D' B' D2 R B' R B R',True
71435263333223,11,14459384,1564,49217,R B2 R2 B' D R2 B' D2 B D2 R',True
21357642221132,11,14453701,1564,49217,R B2 D B2 D R B2 D' B R' B2,True
75312463333133,11,14455064,1564,49217,R B R2 B' D2 B' D B R' B R2,True
36415272123212,11,14442133,1564,49217,R B D R2 D B D R2 B' R B,True
13765422121211,11,14439381,1564,49217,R B D B2 D R D B2 R' D R,True
51723643131311,11,14438226,1564,49217,R B R' B D R' B2 R' D2 R D,True
23165742312323,11,14437831,1564,49217,R B' R' B R B2 R2 D2 R B' R,True
21354761122211,11,14424505,1564,49217,R D R D' R B' R B2 R' D2 B,True
36721453121111,11,14420488,1564,49217,R D2 R2 B' D' B R' D2 R D' B2,True
62134572321323,11,14434003,1564,49217,R B' R D R' B2 D2 B D' R2 D',True
54127633333313,11,14426818,1564,49217,R B' D2 B' D B R D2 R2 D B,True
52167342121232,11,14426464,1564,49217,R B R' D B R2 D2 B' R2 B2 D',True
54326171111231,11,14419135,1564,49217,R2 B R B' D2 B D' B R B2 D2,True
74152363133132,11,14430419,1564,49217,R B R2 B' D2 B R' D2 R' D R2,True
31257462222221,11,14415466,1564,49217,R D2 R2 B2 D' R' B D' R2 D B',True
75316241231231,11,14419755,1564,49217,R D R B' R B' R D2 R D R,True
17642531112233,11,14400697,1564,49217,R D B' D' B R2 B R B2 R2 D',True
32164571111111,11,14389723,1564,49217,R B' R D2 R' D2 B D' B' R' B,True
13642571221223,11,14408520,1564,49217,R B R2 D B R2 B2 D' R' D' B2,True
74152363133231,11,14401928,1564,49217,R B R2 B2 R' B2 D' R' B2 R' B',True
76351421112323,11,14380347,1564,49217,R B' R2 B D' R B2 D' B2 D R2,True
26714532121133,11,14379124,1564,49217,R B2 D R2 D R D2 B' D R' B2,True
42137561123333,11,14380126,1564,49217,R B2 R2 B R2 B2 D2 B' D2 B2 R,True
35416723232213,11,14364730,1564,49217,R D R' D' B' D' R2 B D' B2 D,True
13642571223221,11,14381977,1564,49217,R B R2 B2 R' B2 D' R' D2 R' B',True
26435712233321,11,14366025,1564,49217,R B' R D' B R2 B2 D2 B R D',True
13246752133211,11,14363174,1564,49217,R B2 D' B2 R D' B D' B R' D,True
31267542222233,11,14360335,1564,49217,R B2 R D R' B R2 D' R D B',True
74126352333122,11,14355628,1564,49217,R D' R B D2 B2 R2 D' R' B R2,True
74251633111313,11,14352781,1564,49217,R B R' D R B' R2 B' R2 B R,True
34716522223211,11,14351770,1564,49217,R B2 D' R2 B D' B R' D B' D,True
14527632333332,11,14342254,1564,49217,R D2 R' D2 R D' B' R D2 B R2,True
35714623111322,11,14348324,1564,49217,R B D' B2 R2 B' R' D B' D R',True
54321763113113,11,14338664,1564,49217,R D R' B D2 B' R D' B R B2,True
75431263133213,11,14338357,1564,49217,R D2 R2 B2 D' R' D B' R2 B R',True
61543271111111,11,14316731,1564,49217,R B' D2 R' B D R B2 R B' D,True
71435263333133,11,14323011,1564,49217,R B2 R2 B' R D2 B' D2 B R2 D',True
74152363132232,11,14333577,1564,49217,R B R2 D B D2 B2 R' B' D' B2,True
37624152311213,11,14314534,1564,49217,R B2 D' B2 R D' R B' R B' D,True
51624733323113,11,14315049,1564,49217,R B' D' B D2 R' D B' D' R2 D',True
15246372331331,11,14321679,1564,49217,R B R2 B D B2 R D2 R2 D' B',True
16524731112212,11,14300418,1564,49217,R D R2 D' B' R2 D B' R D B',True
32657143121213,11,14304093,1564,49217,R B R B' D B' D R' D B2 R,True
37614252221123,11,14304213,1564,49217,R B2 R' D R' B' R B' R2 B R2,True
74521633333313,11,14290115,1564,49217,R D R2 B' D' B2 D B R2 B R',True
67354213111313,11,14282838,1564,49217,R B' D R B2 D' B2 R D R2 D',True
41762532221333,11,14290858,1564,49217,R B' D R2 D' B D2 R' D2 R D2,True
64357213312211,11,14286914,1564,49217,R D R' B' D' B2 R2 D' B R' D,True
13275643212221,11,14287304,1564,49217,R B2 R2 B' R B2 D' B2 D R2 B',True
56243173133111,11,14278401,1564,49217,R B' R2 B D2 B2 D R2 B D2 B',True
42751632321233,11,14262515,1564,49217,R B' D' B2 D B R2 D' R2 D R2,True
15763241111111,11,14254102,1564,49217,R B' R' D R2 B' D B D B' R2,True
32567413133333,11,14257016,1564,49217,R B' D B' D2 R2 B D B' R B2,True
12354671111111,11,14241278,1564,49217,R B' R2 D' B R' B' D R2 D B,True
12365471111111,11,14226919,1564,49217,R B' R2 B' D' B' D R2 B R' D,True
67312542221111,11,14234507,1564,49217,R B' R' D2 R B' R2 D R2 D' R2,True
32561471211131,11,14221833,1564,49217,R D2 R2 B' R' B R' D2 R B' D2,True
36145273333313,11,14225929,1564,49217,R B' R' D R2 D2 R D' B' D R2,True
76524313331222,11,14224503,1564,49217,R B2 R D2 R2 D B2 R' D2 R2 B,True
24571362221213,11,14219190,1564,49217,R B R2 B D R' B2 R' B' R2 D,True
41725361232113,11,14201132,1564,49217,R B R' B2 D2 B D R D' R2 B,True
27543611111123,11,14192511,1564,49217,R D2 R' D2 R' D R' D2 B2 D' R,True
31275462312212,11,14192750,1564,49217,R B D2 B R' D2 R B2 R' B D',True
51342672212111,11,14184901,1564,49217,R B' D R B2 R' B R2 D' B2 D,True
43751623123313,11,14190113,1564,49217,R B R2 B' R2 D2 B D B' D B',True
35174262231113,11,14184967,1564,49217,R B2 R D B' R B2 D' R D R',True
76325412112121,11,14176947,1564,49217,R D2 R' B2 R D' B' D B2 R B2,True
24571631121212,11,14179098,1564,49217,R B R' B R B2 D2 R' B2 R2 D',True
53274163211222,11,14177387,1564,49217,R B2 R B2 R2 B R2 D' R2 D2 B,True
71435261322233,11,14175402,1564,49217,R B2 R' D R' B R' D R' B2 R2,True
56741231131211,11,14147897,1564,49217,R D B2 D' R B D2 R' D' B R,True
35127462331331,11,14161052,1564,49217,R B' R D' B2 R D' B D R2 D,True
73542163321133,11,14154392,1564,49217,R B2 R2 B D2 B2 R2 B D2 B2 R',True
41736521233232,11,14146785,1564,49217,R D2 B D2 B' R D' R D' B' R,True
13275641112233,11,14146471,1564,49217,R B2 R' B D' R B' R B' R2 B2,True
34617522221333,11,14143497,1564,49217,R B2 R' D B' R' B R' B2 R B2,True
32146752232223,11,14131261,1564,49217,R D R2 B' R B2 R' B D' R' B',True
41735262312233,11,14129546,1564,49217,R B2 D' B2 D' B R' D2 B2 R' B,True
42351671212211,11,14127387,1564,49217,R B' R D B2 D' R B2 D' R2 D,True
56743213121312,11,14127934,1564,49217,R B' R2 B' R D B D2 B2 D B,True
21345762312323,11,14125850,1564,49217,R B' R B' D R2 D2 B2 D B R',True
71435623333331,11,14117443,1564,49217,R D2 R2 B2 D' B' D B' R2 B D',True
75264132321212,11,14100895,1564,49217,R B' R B' R2 B D2 R D' R2 D,True
31475262331313,11,14102465,1564,49217,R D2 R2 B2 D' B' R D' R2 D R',True
73541262321212,11,14101283,1564,49217,R B R B2 R B R B2 D' R B,True
71462531113322,11,14093637,1564,49217,R D B' R2 D R' D' B' D2 B2 R,True
76215433333133,11,14097342,1564,49217,R B R' D2 B D' B R B' R2 B',True
73615243331312,11,14095863,1564,49217,R B2 R2 B' D B2 R' D2 R B2 D',True
62157342132212,11,14091569,1564,49217,R B R2 B R D' B2 D' R' B2 D,True
65471231132213,11,14087302,1564,49217,R B2 R B R' B R2 D' R B R',True
76325411111312,11,14079549,1564,49217,R D2 R2 B' R' D B' D2 B D' B2,True
73652413331321,11,14076468,1564,49217,R B2 D B2 D B R2 D' B D' R2,True
13546271231231,11,14078291,1564,49217,R D2 B R2 B' D R' B R' B' R,True
75146321323331,11,14062104,1564,49217,R B2 D2 B' R D' R2 B' R B' R2,True
54127632222212,11,14058166,1564,49217,R B' R D R' D' R D B' D B2,True
71435263311122,11,14061075,1564,49217,R B2 R B' D B' R D' R' B2 R2,True
32657412111212,11,14057430,1564,49217,R B R D2 R B D B2 R' B R,True
75264313231112,11,14055939,1564,49217,R B2 D2 R' D' B R' B2 D2 R D,True
31275462311213,11,14054916,1564,49217,R B D2 B D' B2 D B2 D' B D',True
73614251112323,11,14042328,1564,49217,R B D B2 D B' D' R D' R2 D',True
15672433312133,11,14050318,1564,49217,R B D B' D B' R B' R B2 D,True
21473563331312,11,14048442,1564,49217,R B R2 D2 B D' B D' R D' B',True
43721653231313,11,14037399,1564,49217,R B R2 D B R2 D' R B2 R2 D,True
25763142223133,11,14035124,1564,49217,R B' D2 B R B2 D' B R2 B' R',True
32174561112323,11,14022215,1564,49217,R B2 R' D' B R2 D' B' R B' R2,True
32165742211112,11,14019123,1564,49217,R B' D2 R D' B' R D B' R D2,True
16572431111111,11,14008264,1564,49217,R B' R' D B' D2 R' D B R D2,True
52743611113121,11,14011031,1564,49217,R D B2 D' B D R2 B' R' B R,True
74325163131323,11,14019183,1564,49217,R B R D' B2 D B' R B D' B2,True
46512372113321,11,14012523,1564,49217,R B R2 B' D2 R2 B R B' R D,True
12765433121213,11,14010047,1564,49217,R B' R D' B2 R2 D R B' D B2,True
74521632222212,11,14000577,1564,49217,R B' D2 R B D2 B' D' B2 D' R',True
73615243123313,11,14000766,1564,49217,R B2 R2 B' D R2 B' D2 B R2 D',True
37615422223133,11,13989443,1564,49217,R B2 R D' B D' R D' R' D2 R2,True
14356721322233,11,13966513,1564,49217,R D B' R' D B2 D R D2 R2 B',True
74512361322233,11,13962873,1564,49217,R D R' B' D B2 D B R2 B2 D',True
37615422313331,11,13970796,1564,49217,R B D B' D2 R' D R' B D' R',True
53762413322123,11,13964338,1564,49217,R D R' D B2 D' R D' B D B2,True
34562172232313,11,13955277,1564,49217,R D R2 B' R D2 R' B D' B' R',True
34721652131213,11,13944905,1564,49217,R B' R B R' D' B D B' D R2,True
13267541111132,11,13944521,1564,49217,R B2 R2 D' R B' R2 B' R' D R',True
25137461111111,11,13915014,1564,49217,R B' R B R' D2 R' D' R' B D',True
15236471111111,11,13901578,1564,49217,R B' R2 B' D' B' D R2 B R' D2,True
46257132211133,11,13910082,1564,49217,R B' D2 B D R2 B' D R2 D' R',True
14723651111312,11,13893684,1564,49217,R D B D' R2 D R' D B' D2 R',True
36547212221222,11,13893267,1564,49217,R B' R2 D2 R D R B' R2 D R,True
34165271211131,11,13887053,1564,49217,R D B' D B R D' R2 D R' D2,True
36145272122222,11,13893291,1564,49217,R B' R B' D2 R2 B D R' D R2,True
16537421233112,11,13892145,1564,49217,R D2 R D R2 D2 R' B D2 R' D',True
76341251111312,11,13878999,1564,49217,R D B' R D R D' B2 D R' B2,True
37615421113322,11,13889474,1564,49217,R B2 R' D B' R B' D R' D2 R2,True
21357463213331,11,13867635,1564,49217,R B2 R' B R' B' R D' R2 D B2,True
25134672313211,11,13840860,1564,49217,R B' R B' D' B D2 B D R D',True
16275341312213,11,13843723,1564,49217,R B2 D' R2 D' B D' B2 R2 D' R,True
35162742213323,11,13845001,1564,49217,R B R' B D R2 B2 D' R2 D B,True
41532761233133,11,13847667,1564,49217,R B D2 B2 D' R D2 B' R2 B D,True
53126471231231,11,13843778,1564,49217,R D2 B R2 B' D R' B R' B' R',True
21536742222131,11,13843019,1564,49217,R B2 R D2 B' D' B R' B R' D,True
25736141233232,11,13837338,1564,49217,R D2 B D2 B' R D' R D' B' R',True
74361253112132,11,13829428,1564,49217,R D2 B R' B R B2 D' B R D2,True
25714632123131,11,13804117,1564,49217,R D R2 B2 D R' D B' R2 B R',True
76145232332213,11,13800632,1564,49217,R B' D2 B D' R2 B D R B' R,True
75246131333312,11,13811603,1564,49217,R B' R' B D2 R' B R' D' B2 D',True
43572161111111,11,13795933,1564,49217,R B2 R' B' R' D R2 B D' B D',True
37615422211133,11,13805331,1564,49217,R B2 R D' R B' D R' B' D2 B2,True
52167432131213,11,13798787,1564,49217,R B' D2 R B R2 B' R' D2 R' B',True
41735622313322,11,13794392,1564,49217,R B R2 D2 B D2 B R D' R D,True
14725363311113,11,13790179,1564,49217,R B' D R2 B' R2 B D' R B R,True
63471522323132,11,13780651,1564,49217,R D2 B' R B' R' B D2 B D B,True
62174533311212,11,13783797,1564,49217,R B D' R2 B' R B D' R2 B2 D2,True
67452313321232,11,13781910,1564,49217,R B2 R D2 R2 B R' B' R B' R,True
52743611111312,11,13774373,1564,49217,R D B D' R2 D R' D B' D2 R,True
67231543323122,11,13775653,1564,49217,R D' R2 B D' B D' R' D' R D2,True
64275131212223,11,13777038,1564,49217,R B D2 R2 B' R' D B' D R2 D,True
62453713311122,11,13770761,1564,49217,R B' D B2 R' B D B' R B2 R2,True
16345273233323,11,13765770,1564,49217,R D2 R2 B' D' R B' D2 B R' B2,True
45621732212123,11,13763415,1564,49217,R B D2 R2 B2 R' D B' D B2 D',True
45312762221111,11,13761892,1564,49217,R B' R' D2 R B R2 D' B2 D R2,True
34721653333313,11,13763200,1564,49217,R B' R2 B' D B D R2 D2 R B,True
25413763121222,11,13766410,1564,49217,R B R B' R B R2 D' B D B2,True
51642371122313,11,13764447,1564,49217,R B2 D2 R' B' D R' B2 D2 R D,True
36547212121313,11,13754466,1564,49217,R B' R D2 B' D2 B R' B D2 B',True
24531673123121,11,13755815,1564,49217,R D B R2 B' D R2 B' D2 B D',True
56741231211131,11,13738550,1564,49217,R D B R' D2 R D' R B' D2 R,True
73625141112323,11,13737706,1564,49217,R B R2 B' R2 D2 B D B' D R2,True
35162472123233,11,13730830,1564,49217,R B' R2 D R' D' R B D' B D2,True
26573413331312,11,13737174,1564,49217,R B R2 B2 R' B D2 R' B2 R B,True
67231541323112,11,13723358,1564,49217,R D' B2 R D' B R' B' D' R B2,True
16532471111222,11,13715989,1564,49217,R B2 R B2 R2 D B' R' B D' R,True
21354672311132,11,13711788,1564,49217,R D R2 B2 D B' R D' R2 D R',True
37246511112233,11,13707066,1564,49217,R D R' D' B D2 B D R2 D2 B',True
26435712311132,11,13707488,1564,49217,R B R B2 R2 B R B D' B2 D',True
42516372233111,11,13694415,1564,49217,R B2 D' R2 D' R D' B2 R2 D' B,True
34567212223232,11,13687850,1564,49217,R D R2 D' B R B2 D' R' D B,True
12376451111222,11,13686508,1564,49217,R B' D R D' B D' R2 B R D2,True
71426533333223,11,13691426,1564,49217,R B2 R' D B' D B2 D2 R2 B' D',True
36147252111113,11,13682168,1564,49217,R D R2 D' R B R2 D' R' D R,True
21354671131313,11,13678181,1564,49217,R B' R2 D2 B R' D2 B D' R' D',True
56347122333233,11,13675612,1564,49217,R B' R B D2 B' R B2 D' B2 D,True
37654212311222,11,13678472,1564,49217,R B D' B2 R' B R D' R2 B2 D2,True
46721533123313,11,13680898,1564,49217,R B R2 B' R D' B R' D R B2,True
56341273131212,11,13670098,1564,49217,R B' R2 D2 R B D R' B2 D B,True
24715631111111,11,13657128,1564,49217,R B D B2 D2 B R D' B D' B',True
75346211211311,11,13659807,1564,49217,R D B' R D' B D2 B2 D R' D',True
41725363121222,11,13660415,1564,49217,R B D' R D' R B2 D B' R' B',True
32647152133121,11,13655143,1564,49217,R D2 R' D2 R' B D' B2 R2 B' R,True
34165273133312,11,13645539,1564,49217,R D B' R2 B' R' B2 R D' R2 D2,True
61527431111111,11,13640914,1564,49217,R B' R B D2 R' D R' B D' R2,True
52174633223123,11,13644403,1564,49217,R B' R' B' R D' R' D2 R' D' R,True
12376541112323,11,13627259,1564,49217,R B2 R' B' D R2 B' R' D B' D2,True
67354213131311,11,13626665,1564,49217,R B' R D B2 R' D2 B D B2 D',True
73564213321322,11,13635715,1564,49217,R B2 R B2 D' B' D R' B R' B,True
21345763332233,11,13627320,1564,49217,R B D2 R2 B' D' R B' D R2 D,True
21354673131113,11,13607441,1564,49217,R B' R2 B D B2 R' D2 B R B',True
45213672221123,11,13613260,1564,49217,R B' R B2 R' B D2 R' B2 R D2,True
46275313121222,11,13581669,1564,49217,R B D' B D' R B2 D B' D' R',True
61534272311132,11,13571258,1564,49217,R B2 R' B2 R D' B R' B2 R B,True
15273641112323,11,13571922,1564,49217,R B2 R' B2 D2 R' B D R' B2 R,True
72534163211123,11,13565599,1564,49217,R B2 R D B2 D' R' B2 D B D,True
16534271111111,11,13559485,1564,49217,R B' R2 D' B D B R2 B R' D,True
15724362212132,11,13571293,1564,49217,R B D' R' D B R' D2 B2 D R2,True
73642511113232,11,13563862,1564,49217,R B' D' B2 R D R2 D' R' B2 R',True
26175432331133,11,13569689,1564,49217,R B2 R D2 B' D' R B' R B' D,True
24715631122121,11,13561999,1564,49217,R B' D2 B R B2 D2 R2 B R' B',True
63714252123131,11,13559053,1564,49217,R B2 R' B2 R B' R D' B2 D B,True
56347212111311,11,13549774,1564,49217,R B' D' B R2 B R D' B' D2 R,True
12563472131213,11,13545824,1564,49217,R B' R2 B' R' D2 R B R2 D' B',True
63752141122211,11,13542701,1564,49217,R B' R2 D R' B' R B R' B D2,True
15627431322113,11,13540640,1564,49217,R D2 R B R2 B2 R' D B2 R' D',True
14725362211121,11,13537336,1564,49217,R B' D2 B D R2 B2 D2 R B' D',True
51623743313321,11,13543754,1564,49217,R B R' D B' D' R B2 R B D',True
34516272312332,11,13534855,1564,49217,R D2 R' B2 R' B D' R2 B2 R' B,True
26435713311122,11,13535881,1564,49217,R B D' B2 R2 B R B D' B2 R,True
16725431211131,11,13526667,1564,49217,R D B R' D2 R D' R B' D2 R',True
35167242132212,11,13530249,1564,49217,R B R2 B R D' B2 D' R' B2 D2,True
73642511113322,11,13509749,1564,49217,R D R' B2 D R' B' R' B2 R2 D,True
27614353311332,11,13512967,1564,49217,R B D' B R' B R' B2 D2 R' D',True
64321572111131,11,13503470,1564,49217,R D2 B' R B R D2 R D' B' D,True
17426531213123,11,13503374,1564,49217,R D R' B2 R' B R D B2 D2 B,True
74132561321231,11,13501855,1564,49217,R B' D' R2 B D R2 D' R' D2 R',True
27314652313211,11,13481599,1564,49217,R B' R B D B2 D B' D' R D',True
41625731222231,11,13496191,1564,49217,R B D' B' D2 B' R' D2 B R2 B',True
35126741232212,11,13489623,1564,49217,R B2 D2 B' R B' R2 D' B D' R2,True
54671232221213,11,13469244,1564,49217,R B R2 B D R' B2 R' B' R2 D2,True
24367511323112,11,13458070,1564,49217,R D' R2 B D' R D' R' D' B R2,True
14736521332121,11,13456127,1564,49217,R D R' D2 R' B R B D2 B2 D,True
67412353132121,11,13450063,1564,49217,R D2 R' B2 R' D B' R2 D2 R' D,True
12374651111222,11,13448916,1564,49217,R B2 D B' D' B2 R B2 R B2 R2,True
35462712322322,11,13452549,1564,49217,R B2 R2 B R2 B' D2 R B' D2 B2,True
12745632212213,11,13437028,1564,49217,R B' D2 B R' B2 D B R D' B,True
35126742231233,11,13443486,1564,49217,R B2 D2 B' D B' R2 D' R D' R2,True
63752412312323,11,13433129,1564,49217,R D B2 R2 D B' R B' R2 B D',True
36745213121111,11,13429188,1564,49217,R D R' B D R B' D2 B R' B2,True
34561721111111,11,13416409,1564,49217,R B2 R' D' R' D B2 R D' R D',True
27416533321232,11,13420237,1564,49217,R B' D B R' B R' B2 D R D2,True
12354762121112,11,13416803,1564,49217,R B2 R' D R2 D R B' R' D R2,True
54723612222212,11,13417914,1564,49217,R B' R2 B' D' B2 D B R2 D' R',True
75264132121232,11,13412037,1564,49217,R B2 R' D R' B' R D B2 D B2,True
67245311133233,11,13416033,1564,49217,R B D' R' D2 R' D' B2 R D2 R',True
65132472233321,11,13400956,1564,49217,R D B2 R2 D R' B R' B2 R D',True
54712362223322,11,13405240,1564,49217,R B2 R2 B D2 B D2 R' B R2 B2,True
25634713321232,11,13401305,1564,49217,R B2 D R' B' D2 R D2 R B2 R2,True
12364571112212,11,13393531,1564,49217,R B2 D2 R D2 R D' R' B' D2 B2,True
31275462223211,11,13398969,1564,49217,R B R2 B D' R2 D R2 D' B D',True
25714633121333,11,13385045,1564,49217,R B' R' B D2 B R' D' B R2 B2,True
46375213112111,11,13384153,1564,49217,R D R' B D' B R2 B2 R B' D',True
36152742131321,11,13386572,1564,49217,R B2 R2 B D2 B' R2 D R' D2 R2,True
42651733311122,11,13382754,1564,49217,R B' R B2 D' R D R' D B2 D2,True
62371453311311,11,13380644,1564,49217,R B D' B' D R B' D R2 D' R,True
54367122211121,11,13374432,1564,49217,R B2 D' B' R2 B D2 R' B R D2,True
26453172211133,11,13369831,1564,49217,R B' R2 B D B2 R' D R2 D' R',True
56213471111111,11,13350892,1564,49217,R B D' B2 D B2 R' D R D B',True
45367122223133,11,13357589,1564,49217,R B' R2 B R B2 D' B D2 B' R',True
76145232233213,11,13342670,1564,49217,R B' R2 B D' B2 R D B D' R,True
12576343212221,11,13348746,1564,49217,R B2 R' B R' D R2 D2 B2 R' D',True
76324151112323,11,13335689,1564,49217,R B2 R B D' R2 B2 D R2 D' B',True
13275642131333,11,13343908,1564,49217,R B D R' B2 D' R B' D B' D',True
31275462133211,11,13338620,1564,49217,R B R2 B R' D2 R D2 R' B D',True
73645121113211,11,13335290,1564,49217,R B D2 R' B' D2 B' D' R2 B D,True
14723653321313,11,13321931,1564,49217,R D B' D2 R D B2 D R2 D2 B,True
62735143223213,11,13316413,1564,49217,R B' D2 B' R' B2 R' B D R2 B2,True
26135742132221,11,13315288,1564,49217,R B' D2 B' D' B2 D' R D B2 R2,True
26714531212133,11,13307212,1564,49217,R B R' D B' R D' R2 D R2 B',True
64275131312123,11,13306287,1564,49217,R B R' D R' D B2 R D' R' D',True
54167233232333,11,13298155,1564,49217,R B' D' R B2 R B D' B' R2 D,True
74561233321313,11,13296077,1564,49217,R D R' B2 R' B' R2 B D' R2 D2,True
14753261323112,11,13297014,1564,49217,R D2 R D B2 D2 B' D B2 R' B',True
12346751113133,11,13292431,1564,49217,R B2 D R' D B D' R2 B2 D R,True
14735621233112,11,13291856,1564,49217,R D B2 R' B R' D R B R' D2,True
17463251323112,11,13290051,1564,49217,R D2 R B D2 B2 D' B D2 R' B',True
12543673233323,11,13275509,1564,49217,R D R' D B R B' R2 B D' B2,True
27415632323231,11,13283383,1564,49217,R B D2 R' B' R2 B' D' R2 B D,True
52367142211121,11,13277413,1564,49217,R B2 R B' D2 R' B' R' B2 R' D,True
53742612323333,11,13274527,1564,49217,R B2 R B' R2 D' B' R' D2 R' D,True
35762142222113,11,13270935,1564,49217,R B2 D2 B' D R' D2 B' R D' B2,True
14752363232222,11,13262796,1564,49217,R B' R D R B' R2 B' R2 B' D2,True
65321472111122,11,13261588,1564,49217,R B D B2 D' B R2 D' R2 D B',True
54326711112212,11,13260661,1564,49217,R B D' B R2 D' R B' D2 R2 B,True
54716232222113,11,13265591,1564,49217,R B D' R B' R B' R2 D2 B' R',True
65132743222331,11,13258399,1564,49217,R D B' D' B' R D2 B' R B2 R',True
54612372222131,11,13257033,1564,49217,R B D R B2 D B' D2 R2 B' R,True
15367421211113,11,13243481,1564,49217,R D B' D2 B D' R B R2 D2 B2,True
46372511221331,11,13238482,1564,49217,R B2 R' B D' R' B R' D2 R D2,True
63751423122311,11,13231897,1564,49217,R B D' R B' R B' D2 B D2 R',True
76354121121212,11,13222254,1564,49217,R B2 R' B R2 B D R' B' D B2,True
32156471111111,11,13218299,1564,49217,R B D' B D' B D2 B2 D R' B',True
14762351321231,11,13219468,1564,49217,R B' D' R2 B D' B' D B' R2 B',True
24715633131131,11,13216096,1564,49217,R B' D B2 R' B2 R B' D B R,True
46275311123222,11,13218658,1564,49217,R B R2 D2 B' D' R D' R D2 R,True
45621373123331,11,13217842,1564,49217,R B R' D' R2 D' R' B2 D B2 D',True
56124371232323,11,13206173,1564,49217,R D R' B' R D' B D2 R2 B' R,True
57264132111323,11,13210513,1564,49217,R B2 R2 B R2 B R2 D' R B2 R2,True
76213543213133,11,13208669,1564,49217,R B2 D R2 D B R2 D' B R' D2,True
72541633121111,11,13199701,1564,49217,R D R D' R2 D B' D B' D2 R,True
32475163331222,11,13207963,1564,49217,R B R' B2 D2 B R' B2 R' B2 R2,True
24315761122322,11,13201667,1564,49217,R B' R2 B' D' B2 D' B R B2 D2,True
64531273123121,11,13206383,1564,49217,R D R B' D B' D R2 D' B2 R',True
25736411133113,11,13195628,1564,49217,R B' D B D2 R' B2 D R B2 R',True
65213741111111,11,13183373,1564,49217,R B D' R2 D B' R D' R2 D2 B2,True
45621732233333,11,13192032,1564,49217,R B R2 D2 B2 D' B R' D B2 D',True
34172562313331,11,13183537,1564,49217,R B2 R B' R B' D' R2 D' R2 B2,True
37614522313322,11,13176423,1564,49217,R B' D2 R2 B' R B' R2 D R' D2,True
41673521111111,11,13163036,1564,49217,R B D' R2 D B' R D' B2 R2 D2,True
74321653233323,11,13161996,1564,49217,R D R B' D2 B R' D B' R2 D,True
56174232323333,11,13160937,1564,49217,R B' D B R2 D2 B R B2 R2 D',True
25367411211122,11,13163291,1564,49217,R B D2 B2 R B' R B' R D R2,True
15642373231223,11,13157830,1564,49217,R B' R B R B' D2 B' D2 B' D2,True
63714521112323,11,13151434,1564,49217,R B D2 R' D' R' B R' B R' B2,True
37612542221111,11,13149515,1564,49217,R B2 D2 R B2 R B' D' R' D2 R2,True
26415732233321,11,13151663,1564,49217,R D R' B2 R' B' R' D R2 B D',True
46572311223122,11,13150715,1564,49217,R B' D B' R2 B' R' B' D R2 B,True
56743212122222,11,13147675,1564,49217,R B2 R2 D' B R' B' D R2 B' D',True
52167433331333,11,13143855,1564,49217,R B' R B2 D' B2 D R' B D2 B',True
45327612222323,11,13141806,1564,49217,R B D2 R2 B2 R' B D' B' R B,True
47156321133311,11,13127271,1564,49217,R B' R D2 R D R B' D R2 D',True
41762533123331,11,13128909,1564,49217,R B2 R B D' R B2 D' B R D',True
31462751111111,11,13116323,1564,49217,R B D' R2 D B' R D B2 R2 D',True
51624731312123,11,13127619,1564,49217,R B2 R2 B R2 B' R2 D B' R2 B2,True
16742352232313,11,13113947,1564,49217,R B D2 B' R2 B R' B D R' D2,True
23175463211222,11,13119704,1564,49217,R B R' D2 B2 D B' D2 B' R2 B2,True
63725141233121,11,13115102,1564,49217,R B R' B D' B D2 R B' D' B',True
54723612221222,11,13104525,1564,49217,R B2 R' D B' R2 B R2 D' R D',True
23165473233221,11,13083981,1564,49217,R D R' D2 R B D' B D' R B2,True
34125673133333,11,13084593,1564,49217,R B2 R' D2 B D R2 D2 R' D' R2,True
72163453121213,11,13084867,1564,49217,R B2 R2 D' B D' B' D R2 B' D',True
27534612311132,11,13076001,1564,49217,R B D2 B' R B2 D' R' B2 R B',True
31264752313121,11,13077698,1564,49217,R B2 R B' D B' D' R2 D' B2 R2,True
12376451113133,11,13070652,1564,49217,R B2 D B2 D' B R' D B' D' R,True
41725363121231,11,13076856,1564,49217,R B R2 D2 B' R' B D' B R2 B,True
13267451122211,11,13066826,1564,49217,R B' R2 D B2 D' B' D2 R2 B R',True
51742632323333,11,13064625,1564,49217,R B2 D' R' D2 R D2 B' R B D2,True
65132473111331,11,13062039,1564,49217,R B' R2 B R B2 D' B2 R B R',True
65132471231321,11,13059428,1564,49217,R B' D2 R D2 R' B R' D2 R' B,True
61453721111111,11,13052384,1564,49217,R B D' R2 D B' R D B2 R2 D2,True
34165271112212,11,13049838,1564,49217,R B' D2 B' R B2 D2 R D' B2 R,True
54261732231233,11,13059341,1564,49217,R B R' D B' R D' B2 R2 D' B',True
17425631323112,11,13024636,1564,49217,R D B2 R' B D' B D B R' B2,True
72531463321232,11,13014738,1564,49217,R B' R2 D B2 D' R2 D' B' D B2,True
35614722321233,11,13011311,1564,49217,R B2 D2 R D2 R B' R' B' D2 B2,True
24765313222112,11,13020157,1564,49217,R B D' R B' D R2 D R' D R2,True
37615422313121,11,13012593,1564,49217,R B R B' D2 R' B R' B D' B',True
74561233233323,11,13002801,1564,49217,R D R B' D2 B R' D B' R2 D',True
76253413322312,11,13017109,1564,49217,R B2 R D2 R2 D B2 R D2 R2 B,True
12375461111222,11,12998014,1564,49217,R B2 R' D R2 B' R D R D' B2,True
13675241112323,11,12991487,1564,49217,R B D2 R2 B2 R' B' D' R D2 B',True
12354763211123,11,12990115,1564,49217,R B2 D' B R' D R2 D R D' R2,True
74125633121111,11,12988204,1564,49217,R D R D' R2 D B' D B' D2 R',True
52361472131312,11,12993021,1564,49217,R B2 R2 D' R D' B' R D2 B' D',True
12745632232211,11,12985443,1564,49217,R B' R2 B R' B2 D B D R' B,True
47156321111111,11,12979331,1564,49217,R B D R' B R' D B2 D2 B D',True
56347213111211,11,12979728,1564,49217,R B' R' B R2 B D B' D' B2 R,True
17452633213232,11,12986720,1564,49217,R B D' B2 R2 B D' B2 D' B2 D2,True
36417522123311,11,12975123,1564,49217,R B R' B2 D' R B D' B2 R2 D2,True
52167432121313,11,12972974,1564,49217,R B2 R' D R' B2 R B2 D' R D',True
36745212122312,11,12965716,1564,49217,R B' D' B D' B' D B2 R' D2 R,True
21364752311111,11,12973160,1564,49217,R B R2 D' B' R2 B' D' B2 R D,True
43167251232212,11,12974403,1564,49217,R B R' B R' B D' R2 B2 D' R',True
14625732113321,11,12963785,1564,49217,R B' R D' R2 D B' D B D2 R',True
75346212323333,11,12964801,1564,49217,R B' R2 B R B2 D2 R2 B R' D',True
71234563231322,11,12949038,1564,49217,R B2 D B' R D B' R2 D2 B D,True
74125633133312,11,12947872,1564,49217,R D R' D2 R' B' R2 B R' D2 R2,True
14567231321123,11,12953755,1564,49217,R D R' B' D B2 D B' R' B R,True
37624511232233,11,12947646,1564,49217,R B' R' B2 R' B' D2 B D B2 R',True
64231572311132,11,12946039,1564,49217,R B D R2 B' R' D2 R B R2 B,True
51324761111123,11,12950439,1564,49217,R B R' D R B2 D2 R' D2 R D,True
31276452313313,11,12937278,1564,49217,R B' D R' B R2 D R' B' D' B2,True
25641371213132,11,12937855,1564,49217,R B D2 R2 B2 R' B D' B D2 B',True
24715363311332,11,12941137,1564,49217,R B R' D' B R' D2 B2 R' B' D2,True
65172431132333,11,12933492,1564,49217,R B2 R B R2 B D' R' B2 D2 R',True
64357212313211,11,12924781,1564,49217,R B D B2 D R2 D B' R2 D2 B',True
74321563311131,11,12924945,1564,49217,R B D2 R' D2 R D2 B' D B D',True
32174561232233,11,12919835,1564,49217,R B' R' D2 R' D' R2 D B D2 R',True
12345761111111,11,12901463,1564,49217,R B R' D2 B' D R' D' B D2 B,True
75261432123233,11,12904427,1564,49217,R B' R2 D B2 D' R' B2 D2 R B',True
62135473123121,11,12908813,1564,49217,R D R B' D B' D R2 D' B2 R,True
12365472321233,11,12895166,1564,49217,R B' D2 B' D B2 R2 D R' D2 B,True
46275312232133,11,12900683,1564,49217,R B D R2 D2 R B R B' D2 B',True
71563243221221,11,12904700,1564,49217,R B D' B2 R D' R D R' B2 R',True
24615733311122,11,12895199,1564,49217,R B R' D2 B2 D R D R' B2 D,True
37256142321233,11,12889946,1564,49217,R B D' R B2 D' R B' R2 D2 B,True
25716431212223,11,12889548,1564,49217,R B D' B D' R2 D R B2 D' R,True
47156231332313,11,12882654,1564,49217,R B' D' R D2 R D' B' D B2 D2,True
75346122133133,11,12883294,1564,49217,R B R' D' R B R' D2 B2 D B2,True
17425631322113,11,12877275,1564,49217,R D R2 B' R B' D R D R' D2,True
32756141233121,11,12879868,1564,49217,R B2 R2 B D2 B R2 D' B D2 B2,True
56721343123331,11,12879828,1564,49217,R B R2 B2 R' B R2 D' B2 D B,True
52743613121111,11,12863954,1564,49217,R B' D B R2 D' B R' B R2 B',True
12357461111222,11,12865577,1564,49217,R B' R2 D B2 D' B2 D' R' D R2,True
46512371331221,11,12874825,1564,49217,R B D' R2 B2 R D' B2 D' B2 D2,True
24351761212232,11,12867832,1564,49217,R B D' B' R B' D2 R2 B' D' B2,True
23176453332233,11,12855268,1564,49217,R B D' R D' R2 D B R2 D' R,True
32475161232323,11,12856580,1564,49217,R B R2 D2 B R2 B R D' B R,True
43576211123222,11,12855898,1564,49217,R B2 R D B2 D R' D' B2 R2 D',True
37642513122221,11,12856892,1564,49217,R B2 R' B D' B D2 B2 R2 D' R',True
15672341113232,11,12848853,1564,49217,R B' D' B2 R D' B' R B' R2 B',True
71435262222122,11,12852759,1564,49217,R B R D' B2 R' B R' D R' D',True
52341672323222,11,12844049,1564,49217,R B' R' D R' B' D R B2 R2 B,True
35172461232323,11,12846238,1564,49217,R B R2 D' B' D2 B' R' B2 D B,True
47152631322131,11,12840250,1564,49217,R B2 R2 B' R B' R D2 R D R2,True
16345273122323,11,12829859,1564,49217,R B' D B' D2 R B D2 R' B R',True
76541233331333,11,12836231,1564,49217,R B D2 B2 D' B' R2 D B2 D' B2,True
54716321112323,11,12826665,1564,49217,R B D' B2 D B' R B D2 R2 B',True
14536273311311,11,12821215,1564,49217,R B D2 B2 R D' B' D B2 R B,True
67412531131133,11,12821056,1564,49217,R B D2 B2 R B' R' B D2 R D,True
21365742312323,11,12819638,1564,49217,R D R' B R2 D R' B' D' B2 D',True
12637451132111,11,12812727,1564,49217,R D R' D2 R B' D B R2 D2 B2,True
54317621111222,11,12809364,1564,49217,R B D R' D2 B2 R D' R' B D2,True
74653213133222,11,12813182,1564,49217,R B D' R2 B D' R D B' R2 B',True
12765433331333,11,12802854,1564,49217,R B D2 B2 D' B' R2 D B2 D' R2,True
23165471111111,11,12794670,1564,49217,R B R' D R' B R2 B2 R D' B',True
13247563212131,11,12804783,1564,49217,R B R' B2 D2 B' D' B D' R D',True
41756233121231,11,12801770,1564,49217,R B2 R B D2 B R' D' R2 B2 D',True
36147251211131,11,12793587,1564,49217,R B' D R D2 B' D R' D R2 D',True
73654211111132,11,12802731,1564,49217,R B R2 B' R2 D2 B D B' D R,True
52741362313211,11,12792771,1564,49217,R B D R2 D B2 D R' D2 B2 R',True
67345213111133,11,12792988,1564,49217,R B2 D2 R2 B' R D' R D2 B' R,True
54621372211121,11,12789134,1564,49217,R B' R D R2 B2 D R B2 R2 D',True
71362453113311,11,12787824,1564,49217,R B R' D' R D R' B R2 B' R,True
76154323333112,11,12789415,1564,49217,R B2 D2 R' B' R D' B2 R2 D R,True
53721463223312,11,12790900,1564,49217,R B2 R B2 R2 B R2 D R2 D2 B,True
15637423211123,11,12777069,1564,49217,R B R2 B' D B' D R2 D' R2 D,True
21375463333211,11,12778721,1564,49217,R B' R D' R2 D' B' R' D B2 R,True
54712361323313,11,12775784,1564,49217,R B2 D2 R' D' R D' B2 R2 D B,True
56274132331133,11,12770754,1564,49217,R B R D B2 R D' B2 R2 D' B,True
31247651323232,11,12764220,1564,49217,R B' D2 B D' B D2 R' B2 R B2,True
14327653121213,11,12758041,1564,49217,R B2 R' D2 B D B2 D2 B' R' D2,True
23147651112323,11,12751030,1564,49217,R B D B2 R2 D B' D' R B2 D2,True
46157321331233,11,12763336,1564,49217,R B D' R' B R' D2 B2 R' D' R2,True
12357462211112,11,12751768,1564,49217,R B' R B R2 B2 D2 R' D' R D2,True
24763151111111,11,12745755,1564,49217,R B R' B2 R D' R D' B2 D2 R2,True
45367213111133,11,12748688,1564,49217,R B2 D2 R2 B D B' R2 D R' D,True
26513471122121,11,12751090,1564,49217,R B2 R D' B2 R' B' R' D2 R' B,True
75132463233233,11,12750398,1564,49217,R B R2 D2 B' R D' R' B2 D2 R,True
15724631111111,11,12738569,1564,49217,R B R D2 R2 D R B' D R' B',True
53762143222331,11,12750114,1564,49217,R B D' B' D B R' B2 D2 B D2,True
73645122222311,11,12743339,1564,49217,R B D B D R' D2 B D2 B R2,True
16753241221112,11,12734477,1564,49217,R B D' R B' D2 B R' B' R' D',True
67342512222113,11,12737982,1564,49217,R B R' B R B' D2 R D' B R',True
16423572112121,11,12732824,1564,49217,R B D2 B2 R D' B D' R B R2,True
34125672131312,11,12731815,1564,49217,R B2 R' B2 D B D2 B2 D' R' D2,True
41725633211111,11,12725478,1564,49217,R B' D B' D2 B R2 D' R D B,True
37641252222323,11,12726424,1564,49217,R B2 D2 R B2 R B' D' R' D2 R',True
16534273211111,11,12712335,1564,49217,R B' D2 B' D B2 D R2 B D B2,True
13267541232212,11,12720822,1564,49217,R B R D' B R' D B2 D R D,True
32761452122222,11,12714654,1564,49217,R B2 R' B2 D B R2 B2 R' B' D2,True
17426531313131,11,12707704,1564,49217,R B2 R D B' R B D B2 R D2,True
54276132233312,11,12706408,1564,49217,R B2 R' B R' B2 D' B R' D2 R2,True
74532163123223,11,12705610,1564,49217,R B2 R' D R' D B2 D2 R2 B' R',True
72513641233322,11,12698649,1564,49217,R B' R2 B R' D B2 R' D2 R D2,True
21345762313223,11,12700544,1564,49217,R B D2 R' B R D2 B2 R D' R',True
12563473131212,11,12695163,1564,49217,R B2 R' B R' B2 R D2 B' R D',True
52341672211112,11,12687806,1564,49217,R B2 D' R2 D' B D' B' D2 B R2,True
34517622231323,11,12689986,1564,49217,R B2 D2 R D2 R B' R' B' D2 B',True
26135742332312,11,12690667,1564,49217,R B' R2 B' R' D2 R' B D B2 R2,True
54612733322213,11,12690666,1564,49217,R B2 R' D R' B2 D' R B' D2 B2,True
57123461111111,11,12673862,1564,49217,R B R' D2 R B2 D' R D R B',True
63741522123131,11,12679613,1564,49217,R B R D2 R B R2 B' R' D2 B,True
64275133312211,11,12679335,1564,49217,R B D2 R' B D B2 R2 D R' B',True
54376211113133,11,12671327,1564,49217,R B2 D B2 D' B R' D B' D' R',True
36521472113321,11,12674515,1564,49217,R B D2 R B2 D' B' R' D2 R' B',True
23157461231333,11,12675462,1564,49217,R B R' D2 B' R D R' B2 D2 R2,True
25163741112323,11,12667590,1564,49217,R B R2 B2 D2 R' B' D R' B R2,True
23164573213133,11,12671170,1564,49217,R B R B2 R D' R D' R B R,True
17426531121212,11,12662124,1564,49217,R B2 R D B2 R' B2 D R D B',True
76543211212112,11,12659402,1564,49217,R B' D B2 R B2 R' B D' B2 D2,True
51426731111111,11,12650530,1564,49217,R B D R2 D R' B' D R' B2 R2,True
34175263321232,11,12653653,1564,49217,R B2 R' B D2 R' B D B D' R2,True
17324561211323,11,12654456,1564,49217,R D2 R B' D B R2 D' R B R2,True
34275162213221,11,12654304,1564,49217,R B' R B' R2 B' R' D' R D2 B,True
14735621323112,11,12650454,1564,49217,R D R2 B' R D' B R D R' B2,True
65241371111111,11,12642103,1564,49217,R B2 R B' D R D2 B' R D R2,True
72163453133333,11,12650061,1564,49217,R B2 R2 D' R B' R' D R2 B' R',True
37614522113321,11,12642479,1564,49217,R B' R2 D2 B' D B' D2 R B' D2,True
47126532133133,11,12650368,1564,49217,R B D' R2 B2 R' B' D B' D B',True
67341252222323,11,12641343,1564,49217,R B D2 R2 B' R B R' B R2 D,True
35426713111313,11,12634255,1564,49217,R B2 R B2 R2 D B' R B2 R D2,True
26543171111111,11,12616903,1564,49217,R B R' B2 R D' R D R2 B2 D2,True
71463523331222,11,12612746,1564,49217,R B D2 R2 B' R B' D' B2 R2 D,True
25736411331113,11,12606319,1564,49217,R B' R B D2 R' D2 B R D2 R',True
74561232221111,11,12603418,1564,49217,R B' R2 B' R D2 B2 R B' D2 R,True
32465173233221,11,12601320,1564,49217,R D R D' R D' B' R2 D2 B' R,True
54371261113331,11,12596862,1564,49217,R B R2 B2 D B' D2 R D R2 B2,True
32751643321232,11,12591558,1564,49217,R B D B' R2 D2 B R' D' R D2,True
64321572311132,11,12579877,1564,49217,R B' R2 B D R2 B2 D R B R2,True
76354123313333,11,12579221,1564,49217,R B2 R2 D B' D B' R2 B D2 R2,True
57364212313211,11,12576716,1564,49217,R B R D2 R B2 R B' R2 D2 B',True
65132471323121,11,12577363,1564,49217,R B' D' B D2 B R' B' R D2 R2,True
41723562313211,11,12572688,1564,49217,R B R' B R2 D R' D' B' D2 B',True
47165322232133,11,12577930,1564,49217,R B R D2 R2 D B R B' R2 B',True
63471522123131,11,12569786,1564,49217,R B' R' B' R D2 R' D2 R' D R,True
52341671122211,11,12567696,1564,49217,R B2 D' R2 D' R D' B' R2 B R2,True
67321453113311,11,12567768,1564,49217,R B2 R' D' R' D B2 D B2 D' R2,True
36527412211322,11,12565604,1564,49217,R B2 D' B' R D' R B2 D' B R',True
65271432231233,11,12571874,1564,49217,R B R B' D R' D R2 D B D,True
23174652123131,11,12563629,1564,49217,R B R2 B' R D2 B' R' D2 R B',True
16745232121313,11,12563889,1564,49217,R B2 R B' D B2 D' B2 R D' B',True
45367211211122,11,12558861,1564,49217,R B2 D2 R2 B D' B R2 D' B D',True
42613572313211,11,12555376,1564,49217,R B R' B2 R' D' B' R D2 B R',True
75416323232213,11,12555577,1564,49217,R B R2 B' D2 B D' B R B' D2,True
47156233233113,11,12554801,1564,49217,R B' R' D R2 D R' B' D B2 D2,True
76345122311111,11,12552419,1564,49217,R B2 D2 R2 D R D B' R D' R2,True
63742511232221,11,12553186,1564,49217,R B R2 D2 B' D B' R' D2 B2 R,True
71462532121112,11,12545730,1564,49217,R B2 R B R2 D' B2 R D B R',True
27456133132223,11,12548202,1564,49217,R B R' B' D B R2 D2 B2 D' B,True
74132562121121,11,12540965,1564,49217,R B2 D B2 D R B D R2 D B',True
31257643311122,11,12542780,1564,49217,R B D2 B' D B' R B2 R' D2 R,True
76143253131212,11,12541414,1564,49217,R B2 R D' R B2 R' D2 B D' B',True
14325673311131,11,12530825,1564,49217,R B2 D' R' D B2 D B D2 R2 D,True
76354212313322,11,12533892,1564,49217,R B' R B2 D' B' D B' R2 B D',True
47632153212311,11,12532894,1564,49217,R B' D2 B' R B2 R B2 D B R2,True
72146352232223,11,12534399,1564,49217,R B R2 B' R2 B R' D R B' D2,True
35462173131311,11,12527319,1564,49217,R B2 R D2 R2 B D' B R2 B D2,True
45673213211222,11,12533871,1564,49217,R B D2 R2 B' D B' D' B2 R2 D,True
73652413211312,11,12530016,1564,49217,R B R' B R' B D' B2 D B2 R',True
54612732112223,11,12524189,1564,49217,R B2 R' B D' R2 B' D B' D2 B2,True
36547213331333,11,12521416,1564,49217,R B2 R' B D' R2 D B2 R' D R',True
75241632222323,11,12515580,1564,49217,R B D2 B2 R B' R2 D B D2 R2,True
47652132231323,11,12514517,1564,49217,R B R2 D2 B2 D' R D' R' D B,True
14725361111111,11,12505270,1564,49217,R B R B' D R' D B2 D2 B D',True
21354672311123,11,12507179,1564,49217,R B' D2 R D2 R' D B' D2 B' D,True
51724362122222,11,12498679,1564,49217,R B D' B2 D B R2 B R' B' D,True
31265471122133,11,12496936,1564,49217,R B2 D R' B D R2 B' R D' R',True
26153471122121,11,12497797,1564,49217,R B2 D' R' B2 R D2 B' D R B2,True
12347651122112,11,12488007,1564,49217,R B' D R2 B R2 B' D B' D2 B2,True
53642171111111,11,12478339,1564,49217,R B R' B2 R D' R D R2 B2 D',True
16723451122133,11,12477024,1564,49217,R B R' D2 B2 R' D B' D' R B2,True
35476122221111,11,12474012,1564,49217,R B R' D B2 R' B R' B2 D2 R,True
56432713122122,11,12476948,1564,49217,R B2 R' D B' R2 D' R B' R2 B2,True
76354121313131,11,12470025,1564,49217,R B D R B D' R' B D2 R' D,True
51324763113332,11,12475966,1564,49217,R B R' B' D B D' B2 R2 B R2,True
36527412131222,11,12452339,1564,49217,R B' R' D R' B' R D2 B' D2 B,True
52376413222223,11,12458590,1564,49217,R B R' D' R B D2 R2 B2 R' B,True
34167252213323,11,12454961,1564,49217,R B R' D' R B D2 R2 B2 D R,True
56347212123233,11,12446138,1564,49217,R B2 D' R B2 R' B' R B' D2 B2,True
37614523232213,11,12443969,1564,49217,R B' R D' B R D' B R B' D',True
53476121323322,11,12446572,1564,49217,R D R2 D2 B' R B2 R' D B2 D',True
76345122211121,11,12443900,1564,49217,R B2 R2 B' R' D B2 R' D B D2,True
12376542121232,11,12442651,1564,49217,R B2 R B D2 R' B2 D B R B',True
16574231113133,11,12438473,1564,49217,R B R2 D2 B2 D' B R' D' R D,True
67354121111111,11,12431443,1564,49217,R B R B2 R B R2 B R B R',True
76341253221212,11,12431813,1564,49217,R B' R' B D' R' B D2 R' B2 R,True
41563273113311,11,12417801,1564,49217,R B R2 B2 D R' D' B D2 R B,True
46123571111111,11,12409263,1564,49217,R B R' B2 R D' R D' R2 B2 D2,True
76312453311311,11,12413380,1564,49217,R B2 R' B' R' D R2 D R2 D' R2,True
65174232323312,11,12411055,1564,49217,R B2 R' B D2 R' B' D' B2 R D,True
73645211231111,11,12409983,1564,49217,R B' D R2 D' R D' B R2 D2 B2,True
41657321222312,11,12416848,1564,49217,R B R' B R' D B2 D R' D B2,True
32561471113133,11,12398363,1564,49217,R B' R B' D2 R D R2 B' R B',True
17426531132312,11,12393572,1564,49217,R B2 D' B R2 B2 R' B D2 R' B2,True
72541631111312,11,12389742,1564,49217,R B' R B R2 D' R D' B D2 B',True
34516271111111,11,12382919,1564,49217,R B D B' D2 B' D' R' B R2 D',True
36745212123323,11,12383420,1564,49217,R B2 D' R' D B' R B2 D' R B',True
16543721111111,11,12379453,1564,49217,R B D R2 D R' B' D R' B2 D,True
76213543311332,11,12390676,1564,49217,R B D' B R' B R' D2 R B2 D',True
14726532232313,11,12383214,1564,49217,R B2 D B D2 R2 B D' B D2 B',True
76143252221222,11,12386874,1564,49217,R B2 R B' R B2 R' D2 B D' R',True
13254763323122,11,12386982,1564,49217,R D R' B' D' B' R2 D R' D2 R,True
63472512123332,11,12381705,1564,49217,R B R B2 R' D B2 R' B2 R B',True
12357461113331,11,12379224,1564,49217,R B2 D2 R D2 R D' R' B' D2 B',True
13245671321111,11,12379480,1564,49217,R D R' B D2 R D' R' B' D2 B',True
16523741112212,11,12378327,1564,49217,R B R D2 R2 B' R D2 R' D2 R2,True
36714523132223,11,12376218,1564,49217,R B2 R B' D2 R B D2 R' B' D,True
35461271111231,11,12377375,1564,49217,R B' D2 B R' D R2 B' D2 B R2,True
63142571111111,11,12366302,1564,49217,R B R' D' B R2 B R B' R2 B2,True
13246572321332,11,12369798,1564,49217,R B2 D R2 D R D B R2 B R',True
67354212111221,11,12363284,1564,49217,R B2 R' B R2 D' B' R' D2 B D,True
14573261333111,11,12361960,1564,49217,R B D2 R D' B R2 B2 D' R' B,True
24615732213311,11,12364954,1564,49217,R B R2 D' B R D2 B2 R B' R',True
31264572122213,11,12351825,1564,49217,R B D' R2 D' B D B R2 B2 R,True
25741632222323,11,12349927,1564,49217,R B2 D B2 D' R D' R B' R' D',True
36145272131312,11,12352250,1564,49217,R B D2 R' D B R B2 R2 D' B,True
71462533221113,11,12350197,1564,49217,R B2 D' B D2 B2 D' R D2 B' R2,True
12765432121313,11,12350715,1564,49217,R B D2 B2 D' B' D2 R B2 R' D2,True
17364251231231,11,12348049,1564,49217,R B2 D' B2 D R D2 B2 R' B' R2,True
65174233323212,11,12335146,1564,49217,R B2 R' D B2 R' B' D' R2 B D,True
76354123211123,11,12329024,1564,49217,R B2 R D B2 D' R' B2 D B D',True
47321651311133,11,12330364,1564,49217,R B R B R2 D' B2 D R2 B' D',True
14523672121313,11,12332928,1564,49217,R B D2 B2 D' B' D2 R B2 R' B2,True
27134561131133,11,12324895,1564,49217,R B R' B' D R D' R D2 R' B,True
15426371111111,11,12315412,1564,49217,R B D R2 D R' B' D R' D2 B2,True
47156233211132,11,12318095,1564,49217,R B' R2 D R2 D' R B' D2 B' R,True
13462571111111,11,12308865,1564,49217,R B D R2 D R' B' D' B2 D2 R,True
72165432211112,11,12310785,1564,49217,R B2 R' D2 R D' R' D B2 R D2,True
37624513131323,11,12312426,1564,49217,R B D R B2 D2 R2 D B2 D' B2,True
14762351221331,11,12316484,1564,49217,R D R2 D' R' B2 D B' R B D',True
45612371133221,11,12313740,1564,49217,R D R' B2 R B R' B D' B D2,True
54362171113133,11,12313519,1564,49217,R B R B D' B2 D R' B R' D',True
45321671212211,11,12309361,1564,49217,R B D' B' D' R D2 B' D R2 D',True
34172562132332,11,12316906,1564,49217,R B2 R D' B D' B' R2 B' R2 D2,True
46523711331332,11,12321172,1564,49217,R B R2 B' D B' D R' B D B2,True
45321671221121,11,12302450,1564,49217,R B' R B R2 D2 B R D2 R2 B',True
72345613333331,11,12298181,1564,49217,R B' D' R D' B' R B2 D' B2 D,True
36147251131211,11,12297656,1564,49217,R B2 D2 R' B R B2 R2 D B D,True
47265312131312,11,12297180,1564,49217,R B D B2 D' B' R2 D B' R' D',True
24516732233111,11,12294693,1564,49217,R B D R2 D R' B' D R' B2 R',True
65271341332331,11,12303145,1564,49217,R B R2 D2 B R' B D' B R' B',True
74561233111112,11,12287132,1564,49217,R B2 D' R' B2 D B D2 B2 D' R',True
63741252222323,11,12287038,1564,49217,R B2 D B2 D' R D' R B' R' D,True
16524731112233,11,12287565,1564,49217,R B' R' B2 D B' D' R D' R2 D',True
52314761322122,11,12289234,1564,49217,R B2 R2 B D2 B' D2 R D' R2 D2,True
74325613133333,11,12284410,1564,49217,R B D2 R' D R B R2 B2 D' B,True
73125463133132,11,12292224,1564,49217,R B R' B2 D B' R B D' B2 D',True
14765231111312,11,12277643,1564,49217,R B' R D R' B2 D B2 D B' R,True
32164572232223,11,12278687,1564,49217,R B' R B' D R D' B D B' D',True
15624732133313,11,12279072,1564,49217,R B D2 R2 B R' B D R' B2 R',True
12375641113112,11,12279507,1564,49217,R D R' B2 R' D' R' D B2 R D',True
31264752132122,11,12283892,1564,49217,R B2 R D' R B' R' B2 R' B2 D2,True
35462171212121,11,12273034,1564,49217,R B D B2 R' B2 D B R2 B R',True
26135742213323,11,12273482,1564,49217,R B R' B D R2 B' D R B2 R',True
51724363121213,11,12273190,1564,49217,R B D' R2 D B R2 B D' B' D,True
76514321112323,11,12266785,1564,49217,R B D B2 D B' D' R D' R2 D2,True
14625731131121,11,12272772,1564,49217,R B' D' B' D R2 B' R2 B R' D,True
26715433231322,11,12263522,1564,49217,R B D' R B D2 B2 D' B' D2 R,True
76341251112131,11,12259767,1564,49217,R B2 D' B' R2 D B D2 B2 D' R',True
45673212212132,11,12268898,1564,49217,R B R' D2 B2 D' R' D B' R B',True
32164572232313,11,12254755,1564,49217,R B' R D' R B2 D' R' B D2 B',True
32156742313223,11,12256219,1564,49217,R B2 D' B D' R D2 R D R' D2,True
25714632223331,11,12246943,1564,49217,R B' R2 D R2 D' B R' D2 R' D,True
31456722111221,11,12248273,1564,49217,R B D R B' D2 R2 D' B2 R' B,True
24536713231232,11,12250559,1564,49217,R B R D2 B D2 B2 D R' B2 D2,True
76345123311113,11,12238953,1564,49217,R B2 R2 B' R D' R2 B R' B' D2,True
71432561232323,11,12234980,1564,49217,R B' R B2 R' D2 B R' D' B' R,True
75264311223122,11,12236847,1564,49217,R B2 R2 B R2 B D2 R' D B2 D2,True
32546713323212,11,12231358,1564,49217,R B D B D' R2 B2 R' B2 D' B,True
36721452121322,11,12216680,1564,49217,R B2 D' B R D' B R' D2 R' B,True
67354211212121,11,12218164,1564,49217,R B R' B2 R D' B2 R D B D2,True
13527461211113,11,12216073,1564,49217,R B' D' B D2 R' B D R D' R2,True
43675211221331,11,12224056,1564,49217,R B D R B D' R2 B R2 B D2,True
36721452122213,11,12208584,1564,49217,R B2 D2 B R B2 R D R2 D' R,True
34725611212211,11,12209643,1564,49217,R B2 D2 B D2 B R' D R2 D' R,True
46375213123121,11,12214170,1564,49217,R B' D2 R D' R' D B D' R B2,True
36125473232222,11,12207506,1564,49217,R B2 D' B' R D2 R B R2 D2 R,True
52147631131211,11,12207662,1564,49217,R B2 D B' D B' R2 B D' B' R,True
21364753212212,11,12215955,1564,49217,R B R D B D' B2 R B2 R B2,True
64271533221212,11,12209707,1564,49217,R B2 D' R2 B D' R' B D' R D',True
12354763131131,11,12205666,1564,49217,R B2 R B2 R2 D R' D R2 D R2,True
25463713212332,11,12216267,1564,49217,R B R' B' D2 B' D' B2 R B2 R',True
31264573222223,11,12204085,1564,49217,R B2 R D' B2 R B R2 D' B' D,True
71532463221332,11,12211937,1564,49217,R B R D2 R D' R B' D B D,True
74163251121122,11,12198291,1564,49217,R B2 D2 B D2 B D' B D2 B' R,True
46125731333123,11,12209257,1564,49217,R B D R' D B D2 R' D R B2,True
41725631211122,11,12196080,1564,49217,R B2 R' D R' D2 B2 R' D' R2 B',True
34725612231212,11,12188721,1564,49217,R B2 D2 B R D2 R D R2 D' B,True
76325412231212,11,12187448,1564,49217,R B2 D2 B D B2 D B R2 B' R,True
14527632212111,11,12186962,1564,49217,R B2 D2 B R2 B R' D B2 D' R,True
74163252131111,11,12182870,1564,49217,R B2 D2 R2 D' B' R B' R2 B D,True
13254761322233,11,12185960,1564,49217,R B' R' D2 B D' R' B D' R2 D',True
75213642223133,11,12187247,1564,49217,R B D2 B' R B' R D2 R' B2 R,True
32761453133333,11,12182575,1564,49217,R B D2 B2 D R D R' B2 R' B,True
21654372231323,11,12178902,1564,49217,R B2 D R2 D' R D' B D' B' D',True
73456123231322,11,12181084,1564,49217,R B R D B' D2 B R' B R' B',True
76143252131312,11,12179994,1564,49217,R B D2 B2 D R B D' R2 D' B,True
73625143333313,11,12177376,1564,49217,R B R' B D2 B R2 D' B R' D',True
32745612313322,11,12176993,1564,49217,R B R2 D B2 R' D' B' D2 B' R',True
54123673233323,11,12170540,1564,49217,R B' R D R2 B' D R' B R2 B',True
12745633131131,11,12170575,1564,49217,R B2 D' B' D B2 D R B2 D2 B,True
35472163231322,11,12170251,1564,49217,R B2 R' B D2 R' B D B D' R',True
36714522122213,11,12169022,1564,49217,R B D' B2 D' B R D R2 D2 R,True
12347561112212,11,12167855,1564,49217,R B D' R D R2 D2 B' R' B D2,True
12753462231323,11,12168183,1564,49217,R B R2 B2 D R' D2 B R D2 B2,True
74125633332323,11,12163381,1564,49217,R B2 D' B' D2 R B R2 B2 R' D',True
34725612121322,11,12160232,1564,49217,R B2 D' R D R' D B' D2 B' R,True
76325411331311,11,12162138,1564,49217,R B' D R' B2 D B R2 D' R D',True
16524731113133,11,12159126,1564,49217,R B2 R B' D2 R2 D' B R D2 R,True
72365413331333,11,12160317,1564,49217,R B2 R D' B D2 B' D2 R D' B',True
25716433223213,11,12163580,1564,49217,R B2 R2 B' D B' R B2 R B D2,True
32456173212332,11,12166102,1564,49217,R B D B D2 R B' D2 R2 B' D,True
71462532111212,11,12153227,1564,49217,R B D R' D2 B D' B2 R2 D R',True
64275311112332,11,12155627,1564,49217,R B2 R2 B R' B2 D R2 D B2 D2,True
14752631112311,11,12150920,1564,49217,R B' R B' D2 B D2 R' D R B,True
54376211111132,11,12149563,1564,49217,R B2 R2 D2 B' R B D' B D' R2,True
13576241321321,11,12158469,1564,49217,R B R' D B R' B2 D R' B D',True
27634511131133,11,12145492,1564,49217,R B2 R' D' B' R D2 R B2 R' B2,True
71432563232213,11,12143965,1564,49217,R B2 D B R2 D2 B D' R B2 R',True
43615272113321,11,12145650,1564,49217,R B R2 B' D2 R2 B R B' R D2,True
52163471112122,11,12142505,1564,49217,R B2 R' D' R2 B2 D R B R' B2,True
27516341111111,11,12135865,1564,49217,R B R B2 R B2 R B R B2 D2,True
25734162221111,11,12142399,1564,49217,R B R2 B2 R B2 D R2 D2 B R',True
31572461122133,11,12139555,1564,49217,R B R2 D2 B R2 B R D' B R2,True
12347652123233,11,12136701,1564,49217,R B2 R' D2 R B' R' D R2 B D2,True
36714523132322,11,12139219,1564,49217,R B2 R B D' R B R B2 D B2,True
17643251122112,11,12139895,1564,49217,R B R' B R' D2 R B' D' B' D',True
71345262132131,11,12136925,1564,49217,R D B2 R' D2 R' D B' D2 R2 D,True
12365741113331,11,12135987,1564,49217,R B D' B R D2 R2 D' R' B2 D,True
23167541233322,11,12137076,1564,49217,R B2 D' B2 R D' B' D R' D R',True
43512671313332,11,12137392,1564,49217,R B R' D R' D2 R B R2 D' B,True
76342511111321,11,12124908,1564,49217,R B' D B2 D' B2 R B' D' R' D,True
76312542321212,11,12120441,1564,49217,R B D B' R2 D B' D2 R2 B R',True
76325412333233,11,12116401,1564,49217,R B2 D2 B R2 B D' R B2 R' B,True
61543271112311,11,12115032,1564,49217,R B' R2 B' D B2 D B2 R D B2,True
62531472321233,11,12115677,1564,49217,R B D' B D R2 D2 B' D' R D2,True
36752143133222,11,12118808,1564,49217,R B' R' B' R2 D B D R' D' B,True
16725432211121,11,12106805,1564,49217,R B2 R' D R' D R2 B' D' R D',True
71426353312211,11,12112298,1564,49217,R B2 R D R2 D' R' B2 D B R,True
61234572231323,11,12107272,1564,49217,R B2 D R2 D' R D' B D' B' D,True
41726352313322,11,12107183,1564,49217,R B R2 D2 B R' B' R' D2 R2 B',True
71423563213232,11,12114858,1564,49217,R B R' D2 R' D R2 B' D2 B R',True
21354761133311,11,12104478,1564,49217,R B2 R2 B' R B' R2 D B' R' D2,True
47132562311111,11,12105080,1564,49217,R B2 R B2 R' B2 R B2 D2 R2 D',True
43572612312323,11,12100374,1564,49217,R B2 R' D2 R D' B D' B2 D R,True
23164752131312,11,12097302,1564,49217,R B D R2 B2 D B' D B' R D',True
13546271321321,11,12100720,1564,49217,R B' R' B2 R D' R2 B D2 B' D2,True
74163253121111,11,12091408,1564,49217,R B' R D R2 B' R' B D2 B' R',True
12347653111133,11,12086270,1564,49217,R B2 R2 D B D2 B D' R' D2 B,True
31256471231222,11,12098833,1564,49217,R B R B2 D B2 D2 B R' B2 D2,True
16527341111111,11,12081589,1564,49217,R B D R2 D B2 D R B R2 D2,True
76341252323333,11,12084399,1564,49217,R B2 R' D B' D R2 B' R' B D',True
27536412332312,11,12093506,1564,49217,R B2 R2 B' D R' D R2 D B D2,True
26437512122312,11,12085494,1564,49217,R B2 D' R2 B D' B' R D' R D',True
53476121323112,11,12082822,1564,49217,R D R2 D2 B' D B2 D' B R2 B',True
54367122311111,11,12081427,1564,49217,R B2 R' B2 D2 R' D2 R' D' R2 D2,True
27534161111111,11,12072749,1564,49217,R B R B2 R D' B' R B' R2 D,True
35462172213311,11,12079562,1564,49217,R B2 D' R B' D R2 D R B' D2,True
34165271121311,11,12070374,1564,49217,R B2 D' R' D2 B D B2 D2 B' R',True
23176452132221,11,12079643,1564,49217,R B2 R2 B' R D' R D2 R B D2,True
74265312333233,11,12072341,1564,49217,R B D2 B' D2 R D' R2 D B D',True
15463271313113,11,12074321,1564,49217,R B R2 D R' D R2 D2 B' R' B,True
23165472111122,11,12069557,1564,49217,R B2 R2 B' D2 B D B' R2 D B',True
12364751113133,11,12068912,1564,49217,R B2 R' D R2 B' R D R D' B',True
35426713312211,11,12070193,1564,49217,R B2 D' R D' R D2 R B R' D2,True
47132652233321,11,12065744,1564,49217,R B2 R' D2 R B' D B' D2 B R,True
54367121113211,11,12063369,1564,49217,R B D' B2 R2 D' R' B R' B R,True
76354122112121,11,12059440,1564,49217,R B D' R B R2 B R' D2 B D2,True
65174322313211,11,12056387,1564,49217,R B R B2 R B2 R B' D2 R2 B',True
72541631113121,11,12051092,1564,49217,R B2 D2 R' D B R2 B2 D R B,True
14652733321331,11,12061343,1564,49217,R B R B D2 R D' B2 R2 D' R,True
12365471211122,11,12048128,1564,49217,R B2 D B' D2 R' D R D' R D,True
35462173221221,11,12056606,1564,49217,R B' R' D' B2 R B R B' D' B,True
67321451311133,11,12051952,1564,49217,R B D' B' R D' R B2 D' R' D2,True
24315762213323,11,12050772,1564,49217,R B R' D R B2 D' R D R2 D',True
14527631211131,11,12044257,1564,49217,R B' R B R2 D' B' D B2 D' R',True
74312652333332,11,12046173,1564,49217,R B R2 B2 D B' D B' D R B2,True
17246351111111,11,12035335,1564,49217,R B R B2 R D' B' R B' D2 R2,True
62135743222331,11,12050438,1564,49217,R B R' B' R D' R2 B2 D' B' R2,True
72165433233323,11,12036606,1564,49217,R B' R B R' B2 D R2 D R' D,True
56741232111113,11,12036432,1564,49217,R B2 D2 R' D R B2 R2 D R D,True
14625732233111,11,12035769,1564,49217,R B2 R D' B R D2 B' D R B,True
51742632323231,11,12035425,1564,49217,R B2 R' B2 D2 R' B2 R' D' B2 D2,True
54367123311113,11,12032106,1564,49217,R B D2 B2 R B' R B' R D R,True
26453711333333,11,12036058,1564,49217,R B2 R2 B R' D2 B R2 B D2 B2,True
24153672321233,11,12030196,1564,49217,R B R B2 R2 D' B R2 B' D2 B2,True
15724632323231,11,12029609,1564,49217,R B2 D2 R2 D R B R' B D' B2,True
42573612323231,11,12029960,1564,49217,R B2 R B2 R' B2 D2 R' B2 R2 D',True
56247132333233,11,12026592,1564,49217,R B D' R' D' R D2 B' D B2 D',True
67345211211122,11,12025044,1564,49217,R B2 R2 D2 R' D R D2 R2 B2 R',True
54362711323112,11,12025758,1564,49217,R D R' D' R D' B R2 D2 B' R,True
32561471122211,11,12021540,1564,49217,R B2 R' B2 R D' R' B D2 R D2,True
14726531232122,11,12023787,1564,49217,R B' R2 D2 B' R D' B2 R D' R2,True
13725642332132,11,12018714,1564,49217,R D B2 R' D2 R' B R' D2 B2 D,True
56423172112121,11,12018724,1564,49217,R B2 D2 R2 B R' D B2 R' D B',True
65423713321322,11,12023216,1564,49217,R B R2 D2 B2 D' R D' R B2 R',True
16374521112323,11,12008381,1564,49217,R B D B2 D B' D' R D' B2 R2,True
21354761113211,11,12014973,1564,49217,R B2 D2 R2 D B R B' R D' B2,True
21374653333121,11,12020207,1564,49217,R B2 R D R2 D R' B' R2 D2 B',True
12357641113331,11,12012026,1564,49217,R B R2 B2 D B' D2 R D B2 R2,True
37624513231313,11,12006275,1564,49217,R B R2 B' D B2 D' B R D2 B',True
24561372111131,11,12007357,1564,49217,R B' D2 B R' B R B2 D' B R,True
23167542131222,11,12007840,1564,49217,R B2 D' B2 R D' R' B R' B D',True
17642531111111,11,11998242,1564,49217,R B R B2 R D' B' R' D2 R2 B,True
14726531223122,11,12004505,1564,49217,R B' D2 R2 B' D B' R2 D B' R2,True
15734622331223,11,12008047,1564,49217,R B R B D B' D2 R B2 R B2,True
14527632122213,11,11992090,1564,49217,R B2 D2 B D R2 D R D2 R' B,True
14327652131213,11,11997507,1564,49217,R B D2 R' D' B2 D R D2 R D',True
24651731113223,11,11998085,1564,49217,R B D' B D' B D2 B2 D R D,True
35246171111111,11,11989276,1564,49217,R B R B2 R D' B' R B' R2 B2,True
45613271331221,11,12005563,1564,49217,R B R' B2 R' B D2 R' D2 R B',True
25436712123332,11,11989463,1564,49217,R B2 R2 B' R2 B D R' B2 D B',True
54721631122121,11,11988608,1564,49217,R B2 D' R D2 R' D' B R' B2 R2,True
32741652111113,11,11986519,1564,49217,R B2 D B' R D' R2 D R' B' R,True
17462352213311,11,11990211,1564,49217,R B2 R B D2 B' R' B2 D R B,True
32765413231223,11,11981796,1564,49217,R B2 D' R' B D2 B D B2 R2 B,True
32615473332122,11,11983329,1564,49217,R D R2 B' D2 B' D R' B2 D2 B,True
56132472333332,11,11976738,1564,49217,R B2 D2 R2 B D' R B2 D' B R',True
32741653111112,11,11973789,1564,49217,R B2 R2 D2 B D' B R' D2 R D',True
37452162323312,11,11976449,1564,49217,R B R D B' D2 R2 D' R2 B' R,True
46321752111131,11,11974621,1564,49217,R B' D2 B D' R B R2 D' B R,True
56347212232223,11,11966779,1564,49217,R B2 R D B2 D' R2 D B' R' D2,True
56712343211123,11,11967366,1564,49217,R B2 R' B R2 B' D R2 B' R' B,True
32145671221112,11,11967079,1564,49217,R B' R D2 B R2 B' R B' D2 B2,True
73625412222323,11,11965192,1564,49217,R B D2 B2 R B' R2 D B R2 D2,True
16345271222111,11,11962004,1564,49217,R B' R B2 D R2 D' B D' B2 D2,True
32761452121313,11,11964368,1564,49217,R B R' B2 D R2 D' B D' R2 D',True
34275161312213,11,11961321,1564,49217,R B R B2 R D' B' R B' R2 B',True
32164572233321,11,11960184,1564,49217,R B' D2 R B D2 B R2 B D' B2,True
14356721112323,11,11947783,1564,49217,R B D B2 D B' D' R' B2 R2 D,True
23156471222132,11,11951321,1564,49217,R B2 R' D R2 B' R' D' R2 B R,True
54312672212111,11,11949502,1564,49217,R B R' D' R' D R2 B' D B2 D',True
76342512232223,11,11946201,1564,49217,R B2 D R D2 B2 R D' R D2 R',True
36752142122132,11,11948338,1564,49217,R B2 R2 D R' B D' R2 D B2 R2,True
15724632323333,11,11947437,1564,49217,R B2 R2 B' D' R B2 D' B R D2,True
65134721233232,11,11949057,1564,49217,R B2 D' R2 D R B2 D2 R' B' R2,True
35162473332122,11,11940264,1564,49217,R B' R B2 R D R D' R D2 R',True
34125672221222,11,11934562,1564,49217,R B R2 D2 R' D' B' D B2 R' D,True
31257462312311,11,11933867,1564,49217,R B2 R2 D2 B' D' R D' R2 D B',True
23456173233122,11,11929760,1564,49217,R B' D R D2 B2 R B D2 B2 R',True
72365413131212,11,11929708,1564,49217,R B R2 D2 R' B' D' B D2 R' D,True
61274532231323,11,11925261,1564,49217,R B R2 D2 B' R D B' R B2 D,True
27435612122222,11,11924682,1564,49217,R B R D2 B2 R D' B D' B D',True
71542633132322,11,11924364,1564,49217,R B R2 D' R2 D R2 B' D B R',True
76541233121213,11,11920614,1564,49217,R B R2 D' R D B R2 B2 D' B,True
32761452222212,11,11916257,1564,49217,R B D2 R' D' R2 D B D2 B D',True
25736411231321,11,11910337,1564,49217,R B2 R' D' B R2 D' B' R' D B2,True
35426712131132,11,11909578,1564,49217,R B2 R2 D B' R D' R2 D R2 B2,True
56423173133111,11,11907027,1564,49217,R B2 D2 R2 B R D' R2 B R' B,True
16537421113331,11,11904534,1564,49217,R B D2 B D R' B2 D R D B',True
31564273113311,11,11905815,1564,49217,R B D B' R B R2 B2 D' B' R,True
32145671123333,11,11902632,1564,49217,R B2 R' B R2 D' R' D' B R' B',True
56741233111112,11,11895640,1564,49217,R B2 R2 D2 B D' B R' D2 R D,True
14763521113211,11,11899008,1564,49217,R B2 R B2 D2 R B2 R' B2 R2 D',True
14736523112222,11,11892533,1564,49217,R B2 R D' R2 B R D2 B' D' R,True
67321542232133,11,11888987,1564,49217,R B D B2 R' B' R2 B D R2 D,True
31264573132313,11,11884076,1564,49217,R B R B' D2 B R' D' B2 D2 R',True
76215341231231,11,11893062,1564,49217,R B R D' R B2 D' R2 D B R2,True
14527631311121,11,11878751,1564,49217,R B2 D2 R2 D' R' D R' B2 R B,True
76315241112113,11,11880065,1564,49217,R B' R D2 R' D R' B R2 D2 B2,True
32145671333333,11,11875855,1564,49217,R B2 D' B D R' B R' D2 R' D,True
13647521111111,11,11869684,1564,49217,R B R D B2 D R' B' R' B2 R2,True
14752633223231,11,11876635,1564,49217,R D R B' D R' B' D2 R2 B' D,True
23165472132332,11,11875725,1564,49217,R B' R B' R2 B R' D R B2 D',True
62543711211113,11,11873644,1564,49217,R B2 D' B' R' D2 B D' R2 D' R2,True
76321543311131,11,11871464,1564,49217,R B D B2 D' B R2 D' R2 D B2,True
12645371131121,11,11871245,1564,49217,R B' D2 R' B R B D2 B R' B',True
36721453113113,11,11868343,1564,49217,R B' R D' B2 R D R2 B' R D',True
37652143231322,11,11865803,1564,49217,R B2 R D' B2 R2 B' R D R2 D,True
45367211111132,11,11865798,1564,49217,R B2 R' D' B2 R D' R2 D B' D2,True
71453262222221,11,11867036,1564,49217,R B2 R' D B D R' D2 B D' B',True
62135471122121,11,11859588,1564,49217,R B2 R2 B' D' B R2 D' B D B2,True
25436712132122,11,11858714,1564,49217,R B' R D2 B' D' B D' R2 D R',True
35617423131332,11,11854129,1564,49217,R B2 R2 D2 B' R' B D' B2 D B',True
57246131112233,11,11853851,1564,49217,R B D2 B2 R' D R' D' R B2 D',True
67345211311133,11,11849654,1564,49217,R B2 R B' R2 B' R2 D B2 D' B,True
62135473131131,11,11847756,1564,49217,R B2 R2 B' D B' R2 D R' D' B2,True
32567412122222,11,11846096,1564,49217,R B R2 D' R B R B2 R2 D' R,True
23756143222331,11,11846599,1564,49217,R B' D B D2 B' R D2 B' D2 B,True
53126471321321,11,11842683,1564,49217,R B' R' B2 R D R2 B' R2 B D2,True
14736521221313,11,11838218,1564,49217,R B2 D' R D2 R2 D' B D2 R' D2,True
54721633313321,11,11832845,1564,49217,R B2 R D' R D' B' R B' R D2,True
41325671212211,11,11833966,1564,49217,R B D2 B' R2 D R' D2 R B D',True
54721632212222,11,11829633,1564,49217,R B2 R2 D R D' R2 D' B' R2 B,True
63452711311313,11,11832714,1564,49217,R B2 D2 R2 B R B' R2 D B' R,True
72356141112323,11,11826466,1564,49217,R B R' D2 R B' R B R2 D2 B',True
14736521132222,11,11828312,1564,49217,R B2 R D R' B R D B2 R B2,True
32765411112221,11,11821789,1564,49217,R B2 R' B R' B2 D2 B D' B R2,True
54376121322233,11,11826991,1564,49217,R B D2 B2 R' B R' D' B R2 D',True
57164322131312,11,11823210,1564,49217,R B R' B2 R D R2 D R' B' D,True
72516342313223,11,11822977,1564,49217,R B2 R B R2 B' D' B2 R B R,True
54361272223232,11,11815735,1564,49217,R B2 D2 R' B D R2 D2 B R D,True
36125473323233,11,11806324,1564,49217,R B2 R' D B' R2 D2 R D' R B2,True
54167232133313,11,11802212,1564,49217,R B2 R2 D B D' R2 D' R' D2 R,True
65174323223123,11,11808868,1564,49217,R B2 D' B' D2 B R2 D' R D R2,True
67145323133312,11,11806942,1564,49217,R B2 R2 B D' B2 R B2 R B2 R2,True
14752363233131,11,11804979,1564,49217,R B2 R D2 R2 B R' B R2 B R2,True
47265312122222,11,11799095,1564,49217,R B R B2 R' D' B2 R D' R' D',True
74132563132112,11,11795609,1564,49217,R B2 D' R B2 R2 B' R D2 B' D2,True
52341672232313,11,11789287,1564,49217,R B2 R D R2 D' R2 D R' B' D2,True
75613243133213,11,11792064,1564,49217,R B2 R' B R D R' D2 B D' R',True
63752143223123,11,11791479,1564,49217,R B' R2 B D B2 R2 D2 B D' R',True
12536741112323,11,11782214,1564,49217,R B R D2 R D' B' D' B2 D2 R,True
21376541131133,11,11788199,1564,49217,R B D R' D R B2 R2 D' R' B,True
21375462312233,11,11783296,1564,49217,R B R D2 R D' B' D R' D2 R',True
13246573321223,11,11781861,1564,49217,R B2 R B' R2 D B D2 R' D' R,True
56127433332323,11,11777635,1564,49217,R B2 R2 D2 B D' R B' D2 B R,True
31475261322233,11,11781640,1564,49217,R B2 R' D2 B2 R' B D B' D2 B,True
32465173133111,11,11778328,1564,49217,R B2 D2 R2 B' D R' D R2 B' R,True
41735621233232,11,11786812,1564,49217,R B R B' R B2 D' B2 D R B2,True
16573241123123,11,11779009,1564,49217,R B' R D R2 D2 B2 R' B' R B2,True
76341251221121,11,11774535,1564,49217,R B' R2 B' D B2 R2 D B' D2 R,True
14765231111213,11,11772318,1564,49217,R B2 D2 R2 D' R' B R' B2 R D,True
23164753333313,11,11774293,1564,49217,R B R D2 R2 B' R B' R2 D2 B',True
76354212312233,11,11768675,1564,49217,R B2 R D' R D R2 B' R B R,True
72563411113121,11,11766402,1564,49217,R B2 R' D B R B' D R' B2 D,True
17526431231321,11,11771388,1564,49217,R B2 R B2 D2 R D2 R' D2 R2 B',True
71456322111221,11,11763585,1564,49217,R B2 R' D' B' R' D2 B D2 B' R2,True
32465172112121,11,11757360,1564,49217,R B2 R2 D2 R' B R D2 R2 B2 R',True
45312761113211,11,11759189,1564,49217,R B2 R' B2 R D2 B2 R' D' B2 D2,True
52761431113121,11,11750578,1564,49217,R B2 D R' D B' R2 B R' B' R,True
32741651131211,11,11750345,1564,49217,R B2 R' D R B R' D R' D2 B,True
65432173232321,11,11750897,1564,49217,R B' R2 D' B R B R2 B D' B',True
34521672223232,11,11747354,1564,49217,R B2 D R' B D' R2 D B' R' B,True
65174233331213,11,11743719,1564,49217,R B D R' B2 D' R D R B2 R2,True
72546313323212,11,11744048,1564,49217,R B2 R' B' R' D' R2 B R2 B' R2,True
74132562122111,11,11741776,1564,49217,R B D2 R' B' D' B2 R D' B2 D,True
36147251121311,11,11737223,1564,49217,R B2 R2 D2 B R' D B' D2 B D,True
65132471212112,11,11739064,1564,49217,R B D' R D' R' B R2 D' B' R',True
54167233331213,11,11731887,1564,49217,R B2 R2 D R B' D2 B' R' B2 R,True
12356471113133,11,11735203,1564,49217,R B R2 D2 B' D B D' B D2 R,True
67354212311132,11,11731790,1564,49217,R B D2 R2 B R' B R' D2 R B',True
45721363321313,11,11736573,1564,49217,R B2 R2 B D' R2 B R2 B R2 B2,True
14275633323122,11,11733383,1564,49217,R D R2 B' D2 B' R D' B2 R2 B,True
61534721112311,11,11725422,1564,49217,R B2 R' D2 R' D B' D2 R2 D' B,True
36241753212311,11,11722306,1564,49217,R B' R2 B' R D2 R D2 B R B2,True
31475262333221,11,11725365,1564,49217,R B2 R2 D2 B' D' B D' R2 D R',True
72143651131112,11,11720082,1564,49217,R B D' B' D2 B' D2 B D' B' R',True
12734561112323,11,11716069,1564,49217,R B R D2 R D' B' D R' B2 D2,True
15672342323312,11,11722792,1564,49217,R B2 R' D' R' D' B2 R B2 R' B2,True
35462171131313,11,11719821,1564,49217,R B R D2 B2 D' B' R2 B' D2 B2,True
15724631322233,11,11717024,1564,49217,R B2 D2 R' B' D R' D2 B R' B2,True
32174562231212,11,11713882,1564,49217,R B R' D2 R' B D R B2 R2 B,True
73651241113322,11,11715461,1564,49217,R B2 R' D2 B2 R' D R D' B2 D,True
13275461112233,11,11711007,1564,49217,R B2 R' B2 D2 R' D B R' B2 R,True
14736251111132,11,11708212,1564,49217,R B2 R D R2 B2 R' D' B2 D R',True
45376211333123,11,11704513,1564,49217,R B' R2 D2 B D' R2 B D' B' R',True
72165433121333,11,11693576,1564,49217,R B2 R2 D2 R D' B2 R B D2 R2,True
45167323322231,11,11696346,1564,49217,R B D' R D' B R2 B2 R B D,True
52147631121311,11,11690798,1564,49217,R B2 R2 D2 B R' D B' D2 B D',True
56423171231321,11,11692674,1564,49217,R B2 R2 D2 B' R D B' D B' R2,True
54621371133311,11,11688378,1564,49217,R B D' B D2 B' D B' D R D2,True
14725361322332,11,11690460,1564,49217,R B2 D2 R' D' R D' R2 B R' D2,True
76345123311131,11,11684860,1564,49217,R B D B2 D' B' R2 D B2 D' B2,True
13675242331313,11,11684968,1564,49217,R B2 R' D R D R' B2 D B' R',True
34165271311133,11,11674971,1564,49217,R B2 R B2 R2 D' B D R' D2 R,True
16745232122222,11,11678952,1564,49217,R B R2 B2 R B D B' D2 B' R,True
16547233332323,11,11671040,1564,49217,R B2 R2 D2 B D' R B' D2 B R',True
14736521133131,11,11664511,1564,49217,R B D B D2 R2 B2 R B2 R' D2,True
73625143121213,11,11664072,1564,49217,R B R B2 D2 R D' B R' B D',True
67354213313333,11,11662604,1564,49217,R B D R2 D B2 D B' R' B R2,True
41765231233232,11,11658576,1564,49217,R B2 D B' R' D2 B R2 B D2 B2,True
75246313212311,11,11647925,1564,49217,R B D' R D2 B' D' B D' R2 D2,True
17463251321231,11,11648234,1564,49217,R B2 R D' R2 B D R D2 B' R2,True
32157642231323,11,11645327,1564,49217,R B D2 B R B' D2 R B D B',True
43651722323132,11,11640232,1564,49217,R B' R2 B R' B D R2 B' D R,True
25436711311313,11,11637158,1564,49217,R B2 D2 R2 B' D B' R B2 D' B,True
61472532123332,11,11634831,1564,49217,R B D R' D R' B D2 B' D2 R',True
63712542221111,11,11635098,1564,49217,R B R' B D B2 D2 R' B' R D2,True
32567413131212,11,11637116,1564,49217,R B R2 B2 R' D' B2 R D2 R' D2,True
65274131312213,11,11631728,1564,49217,R B2 R B' R D R2 B' R D R,True
62135473322321,11,11632678,1564,49217,R B2 D2 R' D' B R' D2 B D' R2,True
15642373221323,11,11630820,1564,49217,R B D B D R' D' B R2 D' B,True
25436713232321,11,11630254,1564,49217,R B' R' B' D R2 B' R2 B D' R,True
32576142313223,11,11627334,1564,49217,R B2 R' D R2 D' R D2 B' D' B,True
56132473213211,11,11625743,1564,49217,R B2 R D B' D2 B D B2 D2 R',True
56132473211111,11,11624927,1564,49217,R B D' B' D' R2 B2 D' R D' B,True
14625732112121,11,11622614,1564,49217,R B2 R' B D' B2 R2 D' R' B2 D',True
41625373121213,11,11612472,1564,49217,R B R D2 R' D' R2 B D' R' D',True
76143253331333,11,11613199,1564,49217,R B R' D2 B R2 B' D R' D2 R',True
35246172213311,11,11605824,1564,49217,R B2 R' D B2 D' R D2 B' D' R,True
52147632111113,11,11605006,1564,49217,R B2 R' B R B D' R D' R2 B,True
21354761112233,11,11605373,1564,49217,R B2 D2 R' B' R D' R2 B R' B2,True
72541631112131,11,11599391,1564,49217,R B2 R2 D2 B R' B R' D2 R B,True
67345211111132,11,11600953,1564,49217,R B2 R2 D2 B D' B' D R' D R2,True
67354212212222,11,11599154,1564,49217,R B D R2 D B D B' R2 D' R2,True
52761431112131,11,11593666,1564,49217,R B2 R2 D2 B R' B R' D2 R B',True
54327612223232,11,11590322,1564,49217,R B2 R' B D R B' R B' D2 R,True
62135473132121,11,11589948,1564,49217,R B2 D2 R2 D B D B' R B' R2,True
12364753311131,11,11585881,1564,49217,R B D2 R' B R B2 R D' B' R,True
41236753232321,11,11585957,1564,49217,R B' R' B R' D2 B' D R D B2,True
76315243323323,11,11582649,1564,49217,R B2 D R' D B R2 D' B R' D',True
67354213211132,11,11579172,1564,49217,R B2 R' D' R D2 B' D' R' B R2,True
67321451112311,11,11577711,1564,49217,R B D' R B2 R' B R' D' B R2,True
13275463213211,11,11579959,1564,49217,R B2 R2 D2 B' R' D R' D2 R B',True
16257431132111,11,11575136,1564,49217,R B' R' B D2 R' D R B D' R2,True
32175462233111,11,11565771,1564,49217,R B D2 R' B2 R B R2 B' D2 B,True
53741621332112,11,11565396,1564,49217,R B' D2 R D' B D' B' D' R D2,True
32145673311113,11,11559466,1564,49217,R B2 R D B' R D2 R' B2 D R2,True
23165471311133,11,11561700,1564,49217,R B2 R B2 R2 D B D R' D2 R',True
16345272322232,11,11557713,1564,49217,R B2 D2 R2 D' B' D R' D2 R D,True
34725613111112,11,11556975,1564,49217,R B2 R2 D2 B' D R' D R2 D' B,True
17426532121211,11,11557217,1564,49217,R B R B' R2 D R' B2 D2 R B',True
76541232221222,11,11560467,1564,49217,R B R2 B2 R' D' R2 B D2 B' D2,True
14723652331232,11,11555485,1564,49217,R B2 D B' R2 D' R B D' B R,True
27453161132111,11,11558176,1564,49217,R B2 D' B' D' B2 R D' B2 D' B2,True
52341673232213,11,11553963,1564,49217,R B2 R B D2 B' R2 B R' B' D2,True
13246573221233,11,11557498,1564,49217,R B2 R B R' B R B D2 R B2,True
32157641232323,11,11557291,1564,49217,R B2 R B' D2 R D B D2 R' D2,True
37624512231212,11,11554042,1564,49217,R B R' B2 R' D B D B2 D2 B,True
52134761232113,11,11549418,1564,49217,R B D' R' D R2 D B D2 B2 R',True
43561271111111,11,11545271,1564,49217,R B R D' B2 D' R' B' R B2 D',True
32164572312323,11,11540723,1564,49217,R B' R2 D B R2 B R2 B D' R2,True
41725633111133,11,11536193,1564,49217,R B D R' D B2 D' B2 R B' R,True
72345612122111,11,11535392,1564,49217,R B2 D R' B2 D' R B R' D B,True
16745233121213,11,11536849,1564,49217,R B R2 B2 R B R D' B2 D' B,True
73615423333331,11,11536903,1564,49217,R B2 R' B D B R' D2 B R' D',True
47632153232321,11,11533896,1564,49217,R B' R2 D' B R B R2 B D' B,True
15624732333332,11,11531407,1564,49217,R B R' D B R2 B D' B2 R D2,True
17453262211133,11,11532527,1564,49217,R B R2 B' R D' B R2 B' R2 B,True
25471362323132,11,11528373,1564,49217,R B' R2 B D' B D B2 R' D R,True
21376541111123,11,11529426,1564,49217,R B D B' R B2 R' B D' R B2,True
65714323223123,11,11532319,1564,49217,R B2 R D' R2 B' R' D' R2 D' R,True
15642372231332,11,11527218,1564,49217,R B D' B R B2 R B' D2 R B2,True
25743611233232,11,11533517,1564,49217,R B2 R D2 R2 B D' B' R D' B,True
76354212333332,11,11523187,1564,49217,R B2 R' B R' D2 B2 R' B' R2 D',True
52374161112323,11,11511403,1564,49217,R B R D2 R D' B' D R' D2 R2,True
32167451213333,11,11515866,1564,49217,R B2 D' R' B D' R B2 D' B D',True
43176252311132,11,11507165,1564,49217,R B D' B2 R B D R2 B' R D2,True
34275162112322,11,11511906,1564,49217,R B D2 B' R B2 D2 R B' R D2,True
76354122212222,11,11507806,1564,49217,R B R2 D2 B R' B R B' D2 B',True
51324671211122,11,11505441,1564,49217,R B R' B' D B' R B2 D2 R' D',True
71562433123232,11,11504543,1564,49217,R B D B' D2 B' D R2 B R' B,True
76523413223231,11,11507361,1564,49217,R B2 D R' D R D2 B' R B R2,True
52471631323112,11,11502366,1564,49217,R B' D2 R D' R B' R' D' R B2,True
75264133331213,11,11495518,1564,49217,R B R2 D2 B D' B R B' R2 B',True
32146751232323,11,11492862,1564,49217,R B2 R D B2 D2 B' D R2 B' R',True
12467351131121,11,11488379,1564,49217,R B' D2 R' B R B D2 B R' B,True
14352672212111,11,11488964,1564,49217,R B R2 B' D2 R B' D2 B R D',True
36147253111112,11,11485975,1564,49217,R B D2 B' R B R2 D' R' B R,True
51426733312211,11,11484411,1564,49217,R B2 R' B D2 B' R D2 B' R' B,True
64257131113223,11,11482356,1564,49217,R B D B2 R2 D' B R' B' D2 R2,True
12364751112212,11,11477711,1564,49217,R B D2 B D' R D' R' D2 B R',True
12376542123212,11,11475927,1564,49217,R B R D' R2 B D' R2 B2 D B',True
14765231112131,11,11470690,1564,49217,R B2 R2 D2 B' R B' R D2 R' D,True
72365412222212,11,11473688,1564,49217,R B R2 B R D2 R' D' R2 B D',True
14527633312133,11,11468569,1564,49217,R B D' B2 R2 D R' B' R B' D,True
12463751231231,11,11475190,1564,49217,R B2 R B2 R2 D R' D' R D' R,True
67312452233321,11,11468159,1564,49217,R B D2 B' D B2 R' B' R2 B R',True
15367423211123,11,11456554,1564,49217,R B D' B R B' D R' B2 R2 D,True
74325613131212,11,11451377,1564,49217,R B R2 B2 R' D' B2 R D2 R' B2,True
35426713131113,11,11447713,1564,49217,R B R B2 D' R B R' B D' B',True
54761233322321,11,11453412,1564,49217,R B D' B2 R2 D' B D' B' D R2,True
76354212213323,11,11443927,1564,49217,R B D2 B D R2 B D2 B D2 B,True
14736521213333,11,11447890,1564,49217,R B2 R D R2 B' R2 D R B D',True
34125672131213,11,11447340,1564,49217,R B R2 B D R2 D' R' D2 B D',True
14527631121311,11,11441818,1564,49217,R B2 R2 D2 B' R D' R D2 R' B,True
32156472333332,11,11444288,1564,49217,R B2 R2 D2 R' D B D2 B2 R2 B',True
17426532331331,11,11444349,1564,49217,R B2 D R2 D R' B R2 B R B,True
76325411113121,11,11433681,1564,49217,R B2 R2 B D B' D' B R' B' R,True
45312672223331,11,11435775,1564,49217,R B2 R' B' D R2 B' R' D' R D2,True
74325612221222,11,11436299,1564,49217,R B R2 B2 R' D' R2 B D2 B' R2,True
34725612322232,11,11417785,1564,49217,R B2 R2 B R' D R B' R D B,True
54163271133221,11,11424739,1564,49217,R B2 D R' B R D2 B' D R D2,True
72165433331213,11,11413709,1564,49217,R B D' B2 R2 D' R D R B2 D2,True
76325411111213,11,11409168,1564,49217,R B2 R2 B D' R D B' R B R,True
13276542323312,11,11410097,1564,49217,R B2 R' D' R' D B2 R' D2 R B2,True
36721452122321,11,11408082,1564,49217,R B2 R' D R2 B' D' R' D B' R',True
36125471111333,11,11401731,1564,49217,R B D' B D' B2 D' B D R B2,True
71432562111221,11,11405237,1564,49217,R B2 R' D' B' R D2 B' R2 B R2,True
12543671211212,11,11397363,1564,49217,R B2 D R' D2 B' R B D' R B,True
42751632323231,11,11397590,1564,49217,R B D' R2 B2 D' R' B D' R B,True
12745632111122,11,11390225,1564,49217,R B D2 B R2 B' R2 B R' D' R2,True
62471532232133,11,11392671,1564,49217,R B R B2 R B D2 B' R' B2 D,True
13276541321123,11,11387072,1564,49217,R B' D2 R B R2 B D2 B R' D2,True
24615371112332,11,11389917,1564,49217,R B D2 B R' B' R B' D2 R D',True
56347213131332,11,11384287,1564,49217,R B2 R2 D B R' D2 R' D' R2 D,True
12347651133311,11,11382936,1564,49217,R B2 R B R' B D2 B' R2 D R2,True
74523611131112,11,11381478,1564,49217,R B D' B' D2 B' D2 B D' B' R,True
12347653332323,11,11380974,1564,49217,R B2 R2 D2 B' D B' R B2 R' B,True
32561471311121,11,11376824,1564,49217,R B2 R2 B R' B D R' B D R,True
41752632311123,11,11374826,1564,49217,R B2 R' B' R D2 B' R' B' R D2,True
32741651311121,11,11372775,1564,49217,R B D' R2 D' B2 R B' D' B R',True
54721631311133,11,11371046,1564,49217,R B D2 B' R D2 B' R2 B R D2,True
74365211313113,11,11371679,1564,49217,R B2 R' D B D' R2 B2 R B2 R,True
74561232111113,11,11368210,1564,49217,R B2 R D' R D R2 B2 R B D2,True
32167452211121,11,11367586,1564,49217,R B D2 R2 D R2 D' B D R2 B',True
27634512233321,11,11370778,1564,49217,R B2 R B R2 D2 R' B' D2 B D',True
37516422333311,11,11370966,1564,49217,R B D R2 D2 R D' B R' D B,True
15634722321233,11,11365739,1564,49217,R B D2 B R' B D' B' R2 D R',True
76342513323212,11,11365023,1564,49217,R B2 R' B' R' D R2 B' D2 B R2,True
32547611121113,11,11360359,1564,49217,R B D2 B2 D B' D B2 D2 B R',True
41735263123223,11,11365708,1564,49217,R B D' R2 B D' R' D' B D2 B',True
16245371231231,11,11368818,1564,49217,R B2 D R' D' B2 R D2 R D2 R2,True
71423653213232,11,11365673,1564,49217,R B' R' D' R B2 D' B R2 B' D,True
12745633313333,11,11356576,1564,49217,R B D' R' B R' D' B D2 R' D2,True
76312542322121,11,11356220,1564,49217,R B2 D B2 D R' D B2 D B R,True
13276541133122,11,11352228,1564,49217,R B' R2 D B D2 B R2 B R' B2,True
32167453313333,11,11346020,1564,49217,R B D2 B' D' B2 R B' R' B2 D2,True
65132471222111,11,11348172,1564,49217,R B R' B D' B' D B2 R' D' R',True
76543211333333,11,11343059,1564,49217,R B2 D' R B D' B D' B2 D' B,True
26153473131131,11,11344111,1564,49217,R B D2 B2 R D' B D' R B R,True
32145672212222,11,11339949,1564,49217,R B D' R2 B2 D' R D B R2 D2,True
75264133121333,11,11339253,1564,49217,R B R D2 R B D' R B2 D B2,True
16357421223113,11,11342296,1564,49217,R B D' R' D' B D2 B' R D' B',True
16275343122221,11,11337661,1564,49217,R B D' B2 R D' R' D' R B2 R',True
34127651312111,11,11332076,1564,49217,R B D' R' D2 R' B2 R B' D' R',True
74365211333111,11,11326138,1564,49217,R B2 R' B D B' R2 D2 R D2 R,True
63125743133312,11,11330028,1564,49217,R B D2 B D' R' B D' R2 B R',True
46273512122312,11,11329269,1564,49217,R B D' B2 D' R' D' R B2 D' R,True
63721541233322,11,11328467,1564,49217,R B D' R2 D' R' D' B D2 R' D,True
45721363322231,11,11328249,1564,49217,R B D R2 B2 D' R D' R' D2 B2,True
12347652223232,11,11321421,1564,49217,R B2 R2 B D R' B' D B' R' B,True
14537622231323,11,11316539,1564,49217,R B R2 B2 D R' D2 B R B2 D2,True
76354121311313,11,11314602,1564,49217,R B R D2 B' R B D' B D' R',True
47135622132332,11,11315521,1564,49217,R B D2 B' D B2 R2 D B' D R2,True
76543212132323,11,11309547,1564,49217,R B D' R D' B2 R2 D R B D',True
34627512232313,11,11311002,1564,49217,R B D B2 R D2 R B' R B2 D2,True
75246313332332,11,11312578,1564,49217,R B2 R2 D R' D B' R2 B R2 D2,True
16537421113322,11,11311555,1564,49217,R B2 R D' B2 R D B R2 D' R2,True
76514321232113,11,11306330,1564,49217,R B D' R' D R2 D B' R B2 R2,True
34165271131211,11,11305009,1564,49217,R B2 R B' D R D2 B2 D B D2,True
35462171332331,11,11311223,1564,49217,R B2 R' B R' B' R B D2 B D2,True
74163252112211,11,11304851,1564,49217,R B D2 R' B D' B2 R D R2 D2,True
36752143211132,11,11309034,1564,49217,R B D' B D2 R' B' D R' B2 R2,True
14752633222223,11,11306812,1564,49217,R B2 R D' B2 D' R2 B D2 B' R,True
75246313312211,11,11308062,1564,49217,R B2 R D R2 D' R' B2 D B R',True
76354213222223,11,11302127,1564,49217,R B2 R D2 R2 B D R D' R2 D',True
76351423321232,11,11299942,1564,49217,R B R2 B' D' B2 R B' R D R',True
46215372121223,11,11302632,1564,49217,R B D' B R2 D' R2 D' R B' R',True
32547611312111,11,11293149,1564,49217,R B D' R' D2 R' B2 R B' D' R,True
76231451123111,11,11294319,1564,49217,R B2 D' B R' D' R D2 R D B',True
76325411122121,11,11290522,1564,49217,R B2 R' B2 R B' D' B D2 R B2,True
52761432131111,11,11287845,1564,49217,R B D' B2 D' B2 R D' R' B R',True
65123472312311,11,11290682,1564,49217,R B2 R B R' D2 R B D2 B2 R',True
76312453211111,11,11289733,1564,49217,R B R' B R2 B' D B' D' B R2,True
36721452131111,11,11286250,1564,49217,R B2 R2 B D' B D B' R D R,True
21354671221112,11,11287464,1564,49217,R B R2 D B2 D R' B D2 B D,True
76341251311313,11,11285884,1564,49217,R B2 R B2 R2 D' R D R' B2 R,True
34725613132223,11,11281949,1564,49217,R B2 R2 D R D2 R B' D' R2 B,True
32465172332321,11,11284618,1564,49217,R B2 R' D R2 D' R D2 B' D' B2,True
75634123323122,11,11286772,1564,49217,R B D2 B' D2 B R' B R B' R2,True
75243611113232,11,11281725,1564,49217,R B2 R B' R2 D R B D2 R' B2,True
34725612331322,11,11278521,1564,49217,R B2 R' D B2 R' D' R' D R' B',True
16427531231321,11,11277751,1564,49217,R B2 R D B2 R2 B' D' B2 D R',True
72543163211111,11,11275339,1564,49217,R B2 R' B2 R' D R' B2 D2 B' R,True
45312762311111,11,11274943,1564,49217,R B R' D2 B2 R' B' R B' D B,True
31462751113322,11,11271911,1564,49217,R B D' B' D R2 D B R2 B2 D',True
12376451221211,11,11270613,1564,49217,R B D2 R' D R' B2 R' B2 D' R2,True
63754213122122,11,11274300,1564,49217,R B R' B D' B2 D B D2 R' D,True
73516243332131,11,11269918,1564,49217,R B D B2 R2 D R' D R' B R',True
56723411121113,11,11261391,1564,49217,R B D B' R2 B' D' B D B2 R',True
72165432111113,11,11258410,1564,49217,R B2 R2 B R B' D' B D' B' R,True
65174232123131,11,11255369,1564,49217,R B R2 D2 B R' B D' B2 D B',True
74156322313223,11,11257103,1564,49217,R B2 R B R2 B' D' B2 R B R',True
64351272132131,11,11260134,1564,49217,R B D2 R' D2 R B2 D' B D B',True
63471522332132,11,11254754,1564,49217,R B' R' D' B R2 B' D2 B' D R,True
34725613311113,11,11249799,1564,49217,R B D R B2 D2 R2 D B2 D' B,True
47162351322122,11,11252004,1564,49217,R B D B2 D2 B R' D R' B D,True
17425631122112,11,11249415,1564,49217,R B D' B' R B' R' B R' D R',True
16342571331221,11,11244672,1564,49217,R B2 D B' D B D' B2 R2 D R,True
76341251113121,11,11236323,1564,49217,R B2 R B' R D R2 B2 R D B2,True
23156473323332,11,11239741,1564,49217,R B R' B2 D' R2 D R' D2 B R',True
74156322122321,11,11237545,1564,49217,R B D R2 B' R2 D B D2 B D',True
17426531112233,11,11237054,1564,49217,R B D' R2 B D' B' D' R2 D2 B,True
15643271331221,11,11238025,1564,49217,R B' R' B' D B2 R' B D2 B' D,True
71456321322323,11,11233903,1564,49217,R B2 R D R' B2 D2 R D2 R' B',True
64275313312211,11,11235048,1564,49217,R B D2 B2 R2 D' B' R B' R D2,True
74523611213111,11,11227087,1564,49217,R B D2 B2 D B' R D2 R2 D R',True
76543213113131,11,11227834,1564,49217,R B2 R2 D B R2 B D' B' R2 D,True
45312761133311,11,11225277,1564,49217,R B R2 B2 D B' D B' D R B,True
32561471131211,11,11222107,1564,49217,R B2 R2 B R D' B' D B' D' R,True
71543623111121,11,11223963,1564,49217,R B2 R' B R2 B R2 B2 D' R D',True
75321461311112,11,11223603,1564,49217,R B2 D' B R D R2 D R' D' B',True
34725613111133,11,11218012,1564,49217,R B R2 B' D B2 D' B R D2 B2,True
45612373132223,11,11221788,1564,49217,R B2 R B' D2 B' R2 D R2 D' R,True
53426171112233,11,11224491,1564,49217,R B R2 B2 D' R B' D' R D2 B',True
35462173123211,11,11220162,1564,49217,R B D2 B R2 B R' D' R D2 R,True
64321572132131,11,11219995,1564,49217,R B' R2 B R D2 B2 R B D R2,True
67245131313323,11,11221680,1564,49217,R B D R2 D' R' D2 B D' B' R',True
76325413222223,11,11215650,1564,49217,R B2 R2 D R B2 R D' B' D2 R,True
52471631223113,11,11218193,1564,49217,R B' R2 D R' B D' R' B' R D2,True
53741621323112,11,11212575,1564,49217,R B' R2 D R' D B' R' B' R B2,True
65274132123332,11,11210539,1564,49217,R B D R' D R' B D2 B' D2 R,True
67321452111122,11,11210688,1564,49217,R B R D' R D' B D2 B' D2 R',True
14736523113131,11,11210886,1564,49217,R B R2 B' R D2 R' D R B2 D',True
36527412322232,11,11207321,1564,49217,R B D' B D R D' R2 D B' R2,True
36745213133111,11,11206769,1564,49217,R B2 R D2 R2 B' R B R' D2 R,True
16537421111222,11,11208093,1564,49217,R B R2 B' R' D2 B R' B R B',True
54376211111222,11,11203599,1564,49217,R B R B2 R' D' B2 D' B2 D B2,True
74561231111222,11,11200645,1564,49217,R B D2 B D' R D2 B' R D R',True
54167231221211,11,11201523,1564,49217,R B2 R' D' B2 R2 D B D R' D2,True
36751243222322,11,11199972,1564,49217,R B D B2 D B' D' R' D2 B D,True
37612453122233,11,11201917,1564,49217,R B R' B2 D B' R' B' D R2 D',True
64572131122223,11,11197226,1564,49217,R B R' D2 B D' B' R' D B2 D',True
32145672113333,11,11190377,1564,49217,R B D2 B' D R2 B' D' B R2 B2,True
36527413111112,11,11188855,1564,49217,R B D2 B' R B R2 D' R' B R',True
36752142123221,11,11190613,1564,49217,R B D2 B D2 B D' B' R B2 R,True
41765323122212,11,11189777,1564,49217,R B D' R B2 D' R2 D' B D' B',True
32765411133113,11,11184702,1564,49217,R B2 R' B R D' R2 B2 R B2 R,True
34621572132131,11,11191968,1564,49217,R B D R2 D' R D2 B' R2 B D',True
32167453321232,11,11183570,1564,49217,R B D2 B R' B D2 R' B R B',True
15642372213311,11,11185718,1564,49217,R B2 R B D2 B' R' B2 D R B',True
32476513232231,11,11183779,1564,49217,R B' R D' B R2 B2 D2 B' R D,True
14736521211212,11,11183127,1564,49217,R B R2 B R' D B2 D B2 R D,True
27534162311111,11,11177587,1564,49217,R B D B' R2 D B' R' B D' B2,True
13246572331232,11,11178009,1564,49217,R B R2 B D' R B2 R D2 B D,True
12376541322233,11,11177679,1564,49217,R B D' B2 R D' B' R' D2 R2 B,True
65174232133313,11,11175080,1564,49217,R B R B' D2 R' B D R B2 R2,True
32765411331113,11,11173961,1564,49217,R B2 R' D R D' R2 B2 R D2 R,True
67345211112233,11,11173386,1564,49217,R B2 R2 B' R B D' B2 R2 D' B,True
17526431131121,11,11175092,1564,49217,R B D2 R' D' B' D R' D B' D2,True
12365472223232,11,11165601,1564,49217,R B2 R D' B R D2 B2 D R D2,True
14632571321132,11,11166126,1564,49217,R B' R B' R' D B R2 D' B' D,True
36125473111211,11,11162787,1564,49217,R B D2 B2 D' B' D2 R D B2 R',True
76145231131112,11,11162287,1564,49217,R B D2 B2 D' B D2 R' B' D2 R,True
67254313311113,11,11163984,1564,49217,R B R' D R2 D' B D' R B D2,True
32145671132222,11,11160410,1564,49217,R B2 R' D B' R2 D2 R' B' D2 B',True
63452712333221,11,11160810,1564,49217,R B2 R B D' B2 D B D2 B2 R',True
76543212323213,11,11155678,1564,49217,R B D2 R' B R' D2 B D B2 D2,True
52743611111213,11,11151352,1564,49217,R B D B' R2 B D' B D' B2 R,True
65274133132223,11,11151443,1564,49217,R B2 R B2 R2 D R B D' R2 D',True
67312541121221,11,11152242,1564,49217,R B D R' B2 R' B R2 D R' B,True
42573613322231,11,11151296,1564,49217,R B R2 D' R' D' B R' B D' R2,True
72541631111213,11,11143420,1564,49217,R B D2 B' D B2 D B2 D2 R' B,True
52761431111312,11,11143013,1564,49217,R B D B' D2 R D' B D' B D2,True
52743611112131,11,11142689,1564,49217,R B D2 B' D B R2 D' B' D R,True
52367412322232,11,11141253,1564,49217,R B D2 B' R B2 R D2 R2 B' R,True
25741632312323,11,11141352,1564,49217,R B2 R2 D2 B' D B D' R B' D2,True
76341251111213,11,11133218,1564,49217,R B D' R D R B' R2 B R' B2,True
72165433221233,11,11134602,1564,49217,R B2 R' B R' B2 D2 B' R' B2 R',True
47156322132311,11,11135205,1564,49217,R B D2 R' D' B R D2 B2 R2 D',True
54167232112112,11,11133778,1564,49217,R B2 R' B' D2 R2 B R D R' D2,True
32165741111132,11,11132581,1564,49217,R B D2 B D' B' D R' D' R2 D,True
21376541112311,11,11132411,1564,49217,R B D B' D2 R2 D B' R' B2 R2,True
14527633132322,11,11126163,1564,49217,R B2 R D R' B D2 B' D2 R D2,True
37614522111221,11,11123535,1564,49217,R B2 R B' R D' B' D R2 D' B,True
32561471121311,11,11118677,1564,49217,R B D2 B' R B R D' B R' D2,True
73645213333112,11,11122640,1564,49217,R B2 D B' D B R2 D' B D' R',True
41725633121123,11,11120244,1564,49217,R B2 R B' D R D2 B' R B D,True
21654372233321,11,11120369,1564,49217,R B2 R2 D2 B' D R B' D B' D2,True
62374513112321,11,11114398,1564,49217,R B' R2 B' R' D' R D2 B D' B2,True
74125632121121,11,11111954,1564,49217,R B2 R' B D' B R2 D' B' D B',True
23147652312323,11,11113637,1564,49217,R B2 R B D2 R2 D' R' B2 R D',True
54231671123111,11,11110347,1564,49217,R B2 D' R B D R2 D R' B' D,True
17463251122112,11,11108591,1564,49217,R B D2 R D' B R2 B2 D' R' B2,True
47256133212311,11,11108954,1564,49217,R B D' R' D' R2 B2 D' R B' R,True
24731562311231,11,11108214,1564,49217,R B2 D R B2 D2 R' D2 R D' B2,True
31265471312213,11,11103828,1564,49217,R B R2 D' B2 D B D2 B' R2 B,True
31265472312233,11,11103350,1564,49217,R B R2 D' B2 D R D2 R' D2 R,True
62147353123121,11,11106693,1564,49217,R B2 D' R' B' D2 R B' D2 B' R2,True
21354671122112,11,11097974,1564,49217,R B R D2 R B' R D2 R B2 D,True
76354121122121,11,11097461,1564,49217,R B R B2 D' R2 B D R2 D R',True
74523612111311,11,11094407,1564,49217,R B R' D2 B' D B' R' D2 B R,True
52714633223123,11,11098091,1564,49217,R B2 D2 R2 B D R' D2 B R' B,True
52641733232321,11,11095017,1564,49217,R B2 R D R' D2 R B R2 B2 D',True
12354763133111,11,11092249,1564,49217,R B R B2 D2 B' D' R2 D' R2 D2,True
54721632133232,11,11089217,1564,49217,R B2 R' B' R2 D2 B R D B' D2,True
74163253332323,11,11082561,1564,49217,R B D2 B' D B R D' R D' R2,True
71452363213232,11,11088430,1564,49217,R B2 D R' B D B' R2 D2 B R,True
27154632311132,11,11080733,1564,49217,R B R' D R2 D R D B R2 D2,True
52736141322233,11,11086223,1564,49217,R B R2 B2 D' B D' R' D R2 B',True
52714633213223,11,11083420,1564,49217,R B2 R' B' D2 R D' R2 D R' B2,True
56723411113313,11,11077528,1564,49217,R B D R' D2 B2 D B R2 B R2,True
61572432312323,11,11080834,1564,49217,R B R2 B' D B2 R' B' D2 B R',True
47123651233232,11,11077193,1564,49217,R B' R D R' B D' B2 R B R2,True
52761431111213,11,11067388,1564,49217,R B D2 B' D B2 D B2 D2 R' B',True
74561233311233,11,11064202,1564,49217,R B R' B2 R' D2 R B2 R D R2,True
32167451222222,11,11061958,1564,49217,R B D' B2 R D B2 D B2 D2 R,True
72643513212311,11,11065111,1564,49217,R B D' B R2 B' R B' D' B D2,True
47156323223123,11,11067324,1564,49217,R B2 R2 B' R' B R2 D' R B R2,True
76315241323313,11,11064091,1564,49217,R B2 D B' R D R2 B' D B' R',True
14625731322233,11,11062741,1564,49217,R B2 R2 B' D R B' D2 R2 B' R,True
26153473132121,11,11065963,1564,49217,R B2 R' B2 R B2 D2 R' B' R2 B2,True
32156472332321,11,11062866,1564,49217,R B2 R' D B2 D' R D2 B' D' R2,True
76123453233323,11,11058711,1564,49217,R B D R' B2 D R' B R' B R2,True
14367252322232,11,11056353,1564,49217,R B D2 B' R B2 R D2 R2 B' R',True
53126471231321,11,11060110,1564,49217,R B R' B2 D2 R' D' R D' B R,True
61534721113211,11,11056304,1564,49217,R B D2 B R' B R' B D2 R' B,True
23165472311111,11,11054734,1564,49217,R B D' R D2 R' D B R2 D2 B2,True
64531273311311,11,11052772,1564,49217,R B R D' R D B2 D2 R' D' R,True
32765412323222,11,11050530,1564,49217,R B D2 B2 D' B' R2 D R D2 B',True
27416532133232,11,11051797,1564,49217,R B D2 R' D B' R2 B' R2 D' R2,True
37561241311112,11,11047770,1564,49217,R B2 D' R B' D' R D2 R B D',True
34651271123111,11,11046260,1564,49217,R B2 D' R B D R2 D R' B' D',True
16723451322311,11,11052223,1564,49217,R B D' R2 B2 D' B R' D' R D2,True
74561233131233,11,11041183,1564,49217,R B D' R2 B D B2 D R2 D2 B,True
37614522323312,11,11044436,1564,49217,R B2 R B' D R' B' D R2 D' R,True
74365211121221,11,11041935,1564,49217,R B2 R' B D' R2 B2 R B' D R2,True
14325672231323,11,11037882,1564,49217,R B D' R D' B2 D' B R D B2,True
12543672321332,11,11034725,1564,49217,R B2 R' B R' D B2 R' D' B R',True
36527412231122,11,11030919,1564,49217,R B R2 D' R2 D R D2 B' R2 D',True
13276543323122,11,11030857,1564,49217,R B' R B' R B2 D' B' D B2 D',True
71432563323122,11,11030707,1564,49217,R B2 D R B2 D2 R B' D B2 D',True
76145233133213,11,11026375,1564,49217,R B D2 B' D' B2 D' R D B2 R2,True
25436713332122,11,11031008,1564,49217,R B2 R' D B' D2 R2 B' D' B2 R',True
14527631131211,11,11022451,1564,49217,R B D2 R' D' B R' D2 B R B,True
76324151112233,11,11025032,1564,49217,R B D B' D2 R B2 R' D R' D',True
35462172223331,11,11022887,1564,49217,R B D R B2 D' R B' D' R2 D2,True
76341252232313,11,11018408,1564,49217,R B D B' R B2 R' B2 D B' D,True
36745212122333,11,11018888,1564,49217,R B R D' R2 B D' B2 D B2 D2,True
57321642311132,11,11016369,1564,49217,R B R' B D B D2 R2 D B2 R2,True
52163473111211,11,11014681,1564,49217,R B D B2 R' B D' R' B2 D B,True
12367541331131,11,11015958,1564,49217,R B R2 D2 B' D R' D B D' B',True
14723651112131,11,11012856,1564,49217,R B D2 B' D B R2 D' B' D R',True
56347211222132,11,11013157,1564,49217,R B2 R B' D R' B' D R' B R2,True
14325673123232,11,11008988,1564,49217,R B2 R' D R' B2 D2 B R' D B2,True
72143651121113,11,11008154,1564,49217,R B R' D' R2 D' B2 D R' B' R',True
54721633231322,11,11006682,1564,49217,R B D B' R2 D2 R B D2 B D2,True
16725431211122,11,11001994,1564,49217,R B R' D2 B2 D' B' D2 B R2 D',True
57642311113322,11,11002057,1564,49217,R B D' R D2 R2 D B D2 B R',True
14267351321321,11,11005827,1564,49217,R B D2 R2 B2 R' D B' D' R B,True
31276452133322,11,11000706,1564,49217,R B R2 B' R D2 B2 R D' B D2,True
21354761113322,11,10998592,1564,49217,R B2 R D2 B2 R' D R' B2 D2 R2,True
74523611121113,11,10991715,1564,49217,R B R' D' R2 D' B2 D R' B' R,True
32167451312222,11,10990465,1564,49217,R B R' D2 R' B2 R D2 R D B2,True
41325762313223,11,10996370,1564,49217,R B D2 B2 R2 D' R' B R' B D2,True
21367451311331,11,10989667,1564,49217,R B D R2 B D2 B R' D B2 R2,True
42367153211123,11,10987226,1564,49217,R B R2 B' D B' R2 D R2 D' R2,True
62475131322323,11,10990591,1564,49217,R B R' D B2 R' B2 R' D B' D',True
74365213111211,11,10983109,1564,49217,R B D2 B2 R B R' B D2 B R2,True
12763452322232,11,10983639,1564,49217,R B D R' D2 R D' B D' R2 B,True
35472163222313,11,10983532,1564,49217,R B D2 R' B D R2 D R' B' D,True
32547612111311,11,10978657,1564,49217,R B R' D' B R2 B' R B D B2,True
57321641311112,11,10976355,1564,49217,R B2 D' R B' D' R D2 R B D,True
24157361313212,11,10977482,1564,49217,R B2 D B R2 B R2 D2 B D' R2,True
72563411111213,11,10974414,1564,49217,R B R' D2 R' B2 D R' B' D R',True
41736522332231,11,10976042,1564,49217,R B D2 R2 B' R D' B D R' D',True
47256133321232,11,10966481,1564,49217,R B R B' R B2 R' D R2 B' D',True
74156322122123,11,10967168,1564,49217,R B R' B R B2 R D' R2 B R2,True
16243571231231,11,10969321,1564,49217,R B' R B R' B D' R2 B R B2,True
15642373212311,11,10965107,1564,49217,R B R' B D2 R' D' R D' B2 D2,True
76245311121131,11,10963748,1564,49217,R B D' B D2 B' R D R2 B2 D2,True
36125471312111,11,10961039,1564,49217,R B D2 B2 D' B R2 D' B' D2 R,True
16345271133131,11,10959919,1564,49217,R B2 R B D' R D2 R' D2 B R2,True
74156323133123,11,10964044,1564,49217,R B D2 R2 B D' R D B' R2 B',True
12537461332112,11,10967646,1564,49217,R B D2 R D' R D2 R2 B' R' D,True
13267451311133,11,10957501,1564,49217,R B R D2 R D' B' D' R2 B R,True
32175461333111,11,10957196,1564,49217,R B D R' B2 R D' B2 R B' R,True
12354762311123,11,10955431,1564,49217,R B D B D2 R' D B' R' B2 R2,True
35461272222323,11,10950486,1564,49217,R B R2 B R B' R2 D B D R',True
73615421113322,11,10954337,1564,49217,R B D2 R2 B2 R' D' B' R D2 B',True
17425631313113,11,10943680,1564,49217,R B D R2 D R2 D' B2 R D R2,True
36714252232223,11,10942421,1564,49217,R B R B2 D B2 D R' B R2 D2,True
14752633223123,11,10945817,1564,49217,R B2 D2 R2 B' R B' R D2 B' D,True
21654373332122,11,10944646,1564,49217,R B2 D2 R2 B R' B R2 D' R B',True
14625732213323,11,10940359,1564,49217,R B R2 B D R' D2 R' D2 R' B2,True
32741651211131,11,10939410,1564,49217,R B R' D' B D2 R' D2 R' B R',True
36745212223232,11,10938035,1564,49217,R B D2 R' D' R D' R2 B D R',True
72143563222331,11,10946615,1564,49217,R B D' R' D R D' B R2 B' D,True
76521433232333,11,10938705,1564,49217,R B R' B2 D' B R' D' R2 B D,True
65274133312223,11,10935030,1564,49217,R B R D' R2 B R D' R D2 R,True
12473561132123,11,10937112,1564,49217,R B' R D R' D2 R' D' B' D B',True
43615271333312,11,10939863,1564,49217,R B R' D R2 D R2 B' D B' R',True
62173543232132,11,10935006,1564,49217,R B2 D R B2 R B2 D2 R B' D2,True
75234161322233,11,10933430,1564,49217,R B D R' B2 D B2 D' B R' D',True
14723651111213,11,10926271,1564,49217,R B D B' R2 B D' B D' B2 R',True
36721452223232,11,10923164,1564,49217,R B D2 R' D' R D' R2 B D R,True
54312671131331,11,10923373,1564,49217,R B R' B D2 B' D R' B R B2,True
12543673221323,11,10921093,1564,49217,R B2 R D2 R2 B' D R D' R2 D,True
12745632222221,11,10919970,1564,49217,R B D2 B' R' B2 R' B D R2 B2,True
13546271213213,11,10925600,1564,49217,R B D2 R2 B' D R' B D B' D',True
24715631122133,11,10921078,1564,49217,R B R D2 B2 D' R' B' R B2 R2,True
31265471122112,11,10919516,1564,49217,R B D2 R D' B R2 B2 D' R D2,True
32165743311131,11,10918405,1564,49217,R B R B2 D2 R2 B R' B2 R B',True
72356141232113,11,10916338,1564,49217,R B R' B' D R2 D R D2 R2 B',True
32164573323212,11,10917301,1564,49217,R B2 R B' D B2 D2 R B R2 B',True
53726143333121,11,10920621,1564,49217,R B R' D2 R B R2 B R' D' R,True
36527412221312,11,10914684,1564,49217,R B D2 B' R' B2 D R' D' B2 R2,True
62435711222222,11,10917667,1564,49217,R B R' D R' B R2 B2 R D R,True
14736253222223,11,10916593,1564,49217,R B R' D' B D' B D2 R' D' B2,True
61234573232213,11,10912694,1564,49217,R B R D2 B D2 B R' B R2 D2,True
15267431223113,11,10917711,1564,49217,R B R2 D R' B R2 B2 D' R' D,True
56741231121311,11,10908170,1564,49217,R B R2 B' D B D2 R' B' D R,True
74561233321133,11,10907346,1564,49217,R B R2 B D2 B' D2 B' R D R2,True
74563211232332,11,10916507,1564,49217,R B D2 R B2 D' B' D' B2 D' B',True
47352612311132,11,10906600,1564,49217,R B D R' D' R D2 R D2 B' D2,True
62135473232231,11,10911021,1564,49217,R B2 R D2 B2 R' B D' R2 B2 D2,True
16725431131211,11,10904154,1564,49217,R B D2 R' D' B R' D2 B R B',True
56712341232113,11,10904679,1564,49217,R B R' B' D R2 D R' B R2 B2,True
31564272213311,11,10900567,1564,49217,R B D R' D R2 D' B R' D R2,True
52641733212311,11,10899076,1564,49217,R B R' B' D' R2 B2 D' B D' B,True
16725433113311,11,10894144,1564,49217,R B D R B2 D R2 D B' D2 R2,True
76324153323122,11,10897672,1564,49217,R B2 R' B' D' R' D2 B R2 B' D2,True
14723653313111,11,10889095,1564,49217,R B R2 D2 B' R2 B R' D' R B2,True
14725361111123,11,10890622,1564,49217,R B D R2 D2 R D B' D R' D',True
72513641232323,11,10892032,1564,49217,R B R2 B' D2 R2 B R' B' R2 B',True
34165272323333,11,10884203,1564,49217,R B R2 D2 R D2 R' B D B2 R',True
53147262123131,11,10884983,1564,49217,R B R2 D' R2 D' B D R' B2 D2,True
72165432323312,11,10885120,1564,49217,R B D2 B' R B' R2 D2 B' R' B2,True
52163473111331,11,10885143,1564,49217,R B2 R B R2 B' D2 B D' B' R2,True
12546371221331,11,10888086,1564,49217,R B2 D2 R B2 R D' R' D' B2 D2,True
32465173132121,11,10885119,1564,49217,R B2 R2 D2 B R' B' D R' B R2,True
54763212322232,11,10881215,1564,49217,R B R' B2 R' D2 B D' B' D B',True
14263751131121,11,10880508,1564,49217,R B' R D B2 R' D B' D B' R2,True
63174522332132,11,10880108,1564,49217,R B R2 D' R2 D B2 R' D R B',True
14763521113223,11,10876749,1564,49217,R B R2 D' R' B' D R' B D' B2,True
42137653122131,11,10874603,1564,49217,R B2 R' D2 R' B R' D2 B2 D' R,True
15243671331221,11,10876094,1564,49217,R B2 R' D B2 R' B D R B' D2,True
67345212111122,11,10868115,1564,49217,R B R D' R D' B D2 B' D2 R,True
61257343232123,11,10867608,1564,49217,R B D' B2 D B' R B' R2 B2 D2,True
12456733223321,11,10865250,1564,49217,R B' R D' R' D R D2 B' D' B,True
65132473323311,11,10865681,1564,49217,R B R2 D B2 D B' R D2 R B,True
21654373332221,11,10865418,1564,49217,R B2 R' D' R2 B D' B2 D R' B2,True
65123471112311,11,10864072,1564,49217,R B R' D' R' D2 B2 R' B R' B,True
75346213332122,11,10864357,1564,49217,R B2 R2 B' D R' D2 B R' B' R2,True
56723412323222,11,10858611,1564,49217,R B D R2 B' R B' R' B2 D R,True
56423173132121,11,10863072,1564,49217,R B2 R' B' R2 D R' D2 R D' B2,True
73654122221111,11,10858716,1564,49217,R B R2 B R' B R' D' B2 R B',True
15426371112233,11,10856004,1564,49217,R B D2 R' D2 B D' B' R D' R2,True
37645122312221,11,10856561,1564,49217,R B R D2 R2 D R' B R' D R,True
76543212222221,11,10854051,1564,49217,R B2 R2 D2 R D' R2 B R B2 D2,True
34127651213111,11,10848671,1564,49217,R B R' B' D2 B' R2 B R' D' R',True
23576412233321,11,10843548,1564,49217,R B D B' R' B D2 B D2 R' B2,True
52761433121111,11,10840959,1564,49217,R B R' B' R B2 D' B2 D' B R',True
45376213333322,11,10841150,1564,49217,R B D R' B2 R' D R D B2 D2,True
32754163211123,11,10838525,1564,49217,R B R2 D B' R2 B' R' B R2 D',True
74163253133213,11,10838320,1564,49217,R B2 R2 D2 R B' D2 R B R2 D2,True
15724632313223,11,10842331,1564,49217,R B D' R' B2 D' B' R D2 B' D',True
14625733133111,11,10837576,1564,49217,R B D B' R D2 R' B2 D B' R,True
32714652332132,11,10839820,1564,49217,R B R D2 R' D R2 B' R2 B D',True
13627451332112,11,10840707,1564,49217,R B R' B' D' B D2 B' D R' B',True
72165431113331,11,10831153,1564,49217,R B R' B D' R2 B2 D R B R',True
12567433232333,11,10830891,1564,49217,R B R' B' R D2 R' B D R B2,True
67345211113322,11,10832549,1564,49217,R B D' B' D R2 D B' D R2 D',True
52341673133111,11,10829546,1564,49217,R B D2 B' D R2 B' R2 B R B2,True
72136541322233,11,10830235,1564,49217,R B D2 R' D2 B D' R' B D' R2,True
34526713232312,11,10831118,1564,49217,R B R2 D' R' B' R B2 R B D,True
21354761112311,11,10831054,1564,49217,R B D B' D2 R2 D B' R B2 R2,True
25436712123122,11,10822397,1564,49217,R B D2 B R B2 D B2 D B2 D,True
27615433313213,11,10824795,1564,49217,R B R B2 R2 B D' R B' R B,True
14765233323332,11,10819713,1564,49217,R B D2 B' D B' R2 D2 B' D' B2,True
21354763312211,11,10823940,1564,49217,R B D' R B' D' R2 B' R2 B' D',True
43176252123131,11,10818088,1564,49217,R B R' B2 D R B R2 D' R D2,True
14765232211211,11,10814946,1564,49217,R B R2 D' B R' D2 B D R2 D2,True
24157362323111,11,10818737,1564,49217,R B2 D B R2 D2 B' R2 B D' B2,True
26371453112111,11,10815591,1564,49217,R B2 R' B' D' R D2 B D' R B',True
25436712323231,11,10814491,1564,49217,R B R' D R2 D' R B R2 D2 B2,True
34562171321111,11,10814931,1564,49217,R B2 R B R' B2 D2 R D2 R' D',True
31247651113232,11,10813034,1564,49217,R B R2 D2 B D2 B R' D' B2 D',True
14735621221112,11,10811653,1564,49217,R B R' D' B R' B' D B' D R',True
46375212132221,11,10813146,1564,49217,R B D' B R2 D' R' B D' B2 R',True
24651731333333,11,10805474,1564,49217,R B R2 B D' B' D B' R2 D B',True
63574212123131,11,10800093,1564,49217,R B R2 D2 R B' D' R2 D' R D',True
65417321232113,11,10797585,1564,49217,R B D R2 B2 D R D2 B2 R' B',True
74365212222323,11,10791469,1564,49217,R B R' D R' B2 R' D B D R2,True
76145232123332,11,10791387,1564,49217,R B R2 B R2 B' D2 B R' D' B2,True
21367452112112,11,10794619,1564,49217,R B R2 D' R B' R2 B' R2 D' R2,True
12456731233223,11,10793778,1564,49217,R B' R B' D R2 D2 B2 D' B D,True
32561472133313,11,10788983,1564,49217,R B R' D2 B2 R' B D R B2 D2,True
12745633323311,11,10789852,1564,49217,R B2 R D B2 D2 R B' D R2 D',True
65417323232123,11,10787140,1564,49217,R B D' B2 D B' R B D2 R2 B2,True
32547611213111,11,10784423,1564,49217,R B R' B' D2 B' R2 B R' D' R,True
13764252323231,11,10785967,1564,49217,R B D2 B D' R B' R B2 D' B,True
46375212113111,11,10786709,1564,49217,R B D2 B R' D' R D' B' D2 B,True
17463251313113,11,10785440,1564,49217,R B R' B' D' R' B2 D R' B2 R,True
72345611331332,11,10785069,1564,49217,R B2 D' B' D B' R D2 B' R B',True
32547613111211,11,10780424,1564,49217,R B R D' B2 D R2 D R B' R',True
63752412322112,11,10782579,1564,49217,R B D B' D2 B' R D R D2 R2,True
56347211213111,11,10774868,1564,49217,R B D R' B D R' D R2 D2 R,True
72563411111312,11,10775263,1564,49217,R B R' B2 R' B D B2 R' B R,True
14736251112332,11,10777705,1564,49217,R B R D2 B2 R B' D' B D2 R2,True
14725363223213,11,10777506,1564,49217,R B D' R B2 D' R' B R' D2 B',True
46273513221212,11,10776978,1564,49217,R B R' D2 R' D' R' B D2 R' B,True
67321451111123,11,10774482,1564,49217,R B R' B R' D' B2 R2 D' B R,True
14325672323222,11,10769462,1564,49217,R B D2 B2 R D B' R D2 R B2,True
14752631323223,11,10770606,1564,49217,R B2 R2 B' R D B' D2 R2 B' R,True
47163522131222,11,10770266,1564,49217,R B R' B2 R' B' D' R D2 B' R,True
36527411131133,11,10763487,1564,49217,R B R2 D2 B' D2 B D' B' R D2,True
51423671221331,11,10770274,1564,49217,R B D2 B2 R D' B2 R B R2 D2,True
67234513332122,11,10767965,1564,49217,R B R2 B2 D R' D B' D B D2,True
65723143321313,11,10764369,1564,49217,R B R2 B R' B' D B' D2 R B',True
71326451211311,11,10760692,1564,49217,R B2 R' D' B' R D2 B R' D B',True
23165471312132,11,10755005,1564,49217,R B D R' D2 B R D' B R2 B,True
75346211133122,11,10756415,1564,49217,R B2 R B2 D2 R' D B' D2 R2 B2,True
67345211111123,11,10754513,1564,49217,R B R' B R' D' B2 R2 D' B R',True
25134672233321,11,10751190,1564,49217,R B D' R2 B R D R2 B' D B2,True
32561472213122,11,10748496,1564,49217,R B R2 B' D R2 B' D' R B2 R2,True
35162473323131,11,10748920,1564,49217,R B R' D B2 R' B' R D' R2 B',True
14765232331313,11,10745202,1564,49217,R B2 R2 D2 R B' R2 D B R2 D2,True
76321543211111,11,10747088,1564,49217,R B R D' B2 R2 B D' B' R2 B2,True
43216573132223,11,10745999,1564,49217,R B R' B' R B' D B2 R' D' B2,True
14753261333111,11,10739403,1564,49217,R B R2 D' R' D' R' B R' D2 R,True
63745123122212,11,10738683,1564,49217,R B R2 D' B R2 B' D' R2 B2 D,True
23417563232123,11,10736225,1564,49217,R B D' B2 D B' R B' D2 R2 B2,True
35162472122231,11,10736974,1564,49217,R B R' D2 R' B D2 B2 D' B2 R,True
16743252323222,11,10731562,1564,49217,R B R2 B D R' D B D R2 B',True
34127653111211,11,10732197,1564,49217,R B R D' B2 D R2 D R B' R,True
15642372331322,11,10734383,1564,49217,R B R D2 B' R2 D R B2 R D',True
14765232232322,11,10726279,1564,49217,R B R' D R' B2 D2 R D R D',True
34165273311131,11,10725938,1564,49217,R B R D2 B' D' R B' D R2 B,True
52147631311121,11,10725446,1564,49217,R B R2 B' D B2 D R2 D2 B' D',True
32765411121113,11,10724063,1564,49217,R B R2 B' R D R2 D2 B D' R2,True
46572312132122,11,10727970,1564,49217,R B R2 B' D B2 R2 D R' D R2,True
14753261221112,11,10716696,1564,49217,R B R2 D R' D R2 D2 B' R' B2,True
57236141113232,11,10712009,1564,49217,R B D' B2 D' R2 D B' R' D' R,True
36147251311121,11,10709541,1564,49217,R B R2 B' D B2 D R2 D2 B' D,True
74365213121333,11,10707792,1564,49217,R B R2 B' D' B2 D' B R B2 D2,True
76354123211132,11,10710587,1564,49217,R B R' D R2 B' D' B R' D2 R2,True
14726531233313,11,10709181,1564,49217,R B D2 R' B D2 R D' B' D' B,True
32417652132131,11,10708085,1564,49217,R B2 R' D B2 D B2 D2 R' D B',True
45312672233321,11,10699289,1564,49217,R B D2 R2 B D' R B' D2 B R',True
12543672322232,11,10694472,1564,49217,R B D R' D2 R D' B D' R2 B',True
32165741233223,11,10698119,1564,49217,R B2 R B2 D2 R' B D' B2 R2 D2,True
36745213232213,11,10692421,1564,49217,R B R D' R D2 R' B2 D R' D,True
16374523211123,11,10690176,1564,49217,R B R' B' R2 D' R' D R2 B' R2,True
63125743131233,11,10694237,1564,49217,R B R' B D' R B2 R2 B R B,True
76351421113322,11,10693383,1564,49217,R B R2 B' R2 D2 B D' B' D2 B',True
75641323232111,11,10692162,1564,49217,R B2 R' D2 R' B R2 D B2 D R2,True
34725612231332,11,10686951,1564,49217,R B D2 B' R D2 B' D' B D2 B2,True
34127651121113,11,10684598,1564,49217,R B R2 B' R D' B R2 D2 B2 D,True
35462172312131,11,10686461,1564,49217,R B R' B2 D' B R D R2 D2 R,True
14736521322233,11,10685592,1564,49217,R B R' D2 B D' R' B' R2 B2 D,True
46157233333232,11,10681052,1564,49217,R B R D' B D' B2 R' D B2 R',True
21734652123131,11,10677079,1564,49217,R B R D R D2 R D' B R2 D2,True
72143652111311,11,10678143,1564,49217,R B R D2 B' R D' B' D2 R B',True
12543672121121,11,10676689,1564,49217,R B D2 R2 D B2 D' B R B2 D',True
36721451131331,11,10676977,1564,49217,R B D' B D' B2 R2 D B D R',True
73246153312211,11,10677421,1564,49217,R B D R2 D2 B2 D' R' D B' R,True
72563412131111,11,10676513,1564,49217,R B R2 B' R D2 R B2 R2 D' B',True
74523611312111,11,10665793,1564,49217,R B R2 B2 R D' B D2 B2 D R',True
36521472331121,11,10673105,1564,49217,R B D R2 B' D' R2 D' B R B2,True
14325672112121,11,10664879,1564,49217,R B D2 B D2 B' D2 B R' B' R2,True
45612373112231,11,10666197,1564,49217,R B2 R2 B' D B D' R2 B2 D' R,True
41725632322331,11,10665265,1564,49217,R B2 R' B D2 B' R D2 B' R' B2,True
56321473233323,11,10658631,1564,49217,R B R' D2 R' D R B2 D' B D,True
72143651213111,11,10656360,1564,49217,R B R2 B' D B' D R2 B2 D2 B,True
45637123132121,11,10660096,1564,49217,R B2 D' R' D' B2 R B' R2 B' D2,True
76245312132131,11,10657125,1564,49217,R B2 R2 B' R2 B R D' B2 R D',True
12745633313312,11,10651748,1564,49217,R B2 R B R2 B2 D B' D B2 D',True
26415731322323,11,10655171,1564,49217,R B R B' D2 R B D2 B' D' B',True
14527631133311,11,10648725,1564,49217,R B R B D2 R2 B2 R B2 R' B,True
25763411332322,11,10651581,1564,49217,R B D' R D2 R' B D' B D R2,True
34127652111311,11,10647774,1564,49217,R B R2 D2 R' D2 R' B D2 B' D',True
72541632131111,11,10646079,1564,49217,R B R D' R2 D R' B D' B2 R,True
34761252323222,11,10645135,1564,49217,R B R B' D2 B R2 B D R' B,True
16327453232333,11,10644750,1564,49217,R B R2 D2 R' B2 R' B D2 B' R',True
35271461322233,11,10646620,1564,49217,R B R2 D2 B2 D' B' R' B R2 D',True
35162473332131,11,10646084,1564,49217,R B D2 R' D' R D R2 B2 D2 R',True
13257641112233,11,10641268,1564,49217,R B R2 D2 B2 D' R' D' R B2 D',True
26741351232113,11,10634887,1564,49217,R B R B2 D2 R B D2 R2 B' R',True
74523613111211,11,10633297,1564,49217,R B R D' B2 D B' R' B D' B2,True
74125631313311,11,10630858,1564,49217,R B R2 B D2 R2 B R' B' R B2,True
42651372213311,11,10636605,1564,49217,R B R2 B2 D2 R' D' R D' B D2,True
47156233223312,11,10635831,1564,49217,R B D' B D' R' B D2 R' B' D',True
16725432232223,11,10628740,1564,49217,R B R B' R D2 R' D2 B R' D,True
32765412221312,11,10629748,1564,49217,R B D' B' R B' D' B R2 D' R2,True
32167451333111,11,10627570,1564,49217,R B D B2 R' B2 R B2 R2 D' B,True
35416721113112,11,10630275,1564,49217,R B2 R D B' R2 D2 B R2 B' D',True
72143653111211,11,10624948,1564,49217,R B R2 B R D' R B D B2 R',True
74125632131111,11,10623358,1564,49217,R B R D' R2 D R' B D' B2 R',True
52743612131111,11,10622586,1564,49217,R B R2 B' R D2 R B2 R2 D' B,True
74156323132331,11,10622059,1564,49217,R B R' D2 B' D B R D2 R2 D,True
65132473313312,11,10620900,1564,49217,R B R B2 R B' D B2 D R2 B,True
32175461221112,11,10615961,1564,49217,R B R2 D R' D R2 D2 B' R D2,True
34165271311121,11,10608519,1564,49217,R B R' D R D B' R2 B R' D2,True
41765322221312,11,10613399,1564,49217,R B R' B R2 D' B2 D' B D' R',True
36527412111113,11,10604598,1564,49217,R B R2 D' R' D R' D2 B D B',True
26415732121223,11,10608640,1564,49217,R B R2 D' B D2 B' D' R2 B2 D,True
76354213312223,11,10603510,1564,49217,R B R B' R2 D B D' R B2 R,True
51264731113322,11,10603610,1564,49217,R B R' D' R D2 R B D2 B2 R',True
54321761211221,11,10602812,1564,49217,R B R B' D B' D2 R' D R2 B',True
14752633213223,11,10603027,1564,49217,R B2 R2 D2 B R' D' R D' B D2,True
14765231133131,11,10599341,1564,49217,R B D B D2 R2 B2 R B2 R' D,True
63752141123213,11,10599733,1564,49217,R B R' B2 R' D B2 D2 B' D2 R,True
17425631323223,11,10599686,1564,49217,R B D2 R' D R' D B D2 R D',True
16573241312312,11,10600676,1564,49217,R B D R2 D R' B' D' R2 B R,True
54716322313223,11,10593375,1564,49217,R B D B2 D2 R2 D' B' R B' R,True
21365742221312,11,10594100,1564,49217,R B R D' B2 R B R2 B' D' B',True
76345123211111,11,10591800,1564,49217,R B R D' B2 R2 B D' B R2 B2,True
47352612123131,11,10589083,1564,49217,R B R D' R' D R2 D R2 B' D2,True
72165433111112,11,10583006,1564,49217,R B R2 B' D B D R' D R' D2,True
15643271221331,11,10590430,1564,49217,R B2 D2 R B2 R D' R' D' B2 D',True
45612373332221,11,10584419,1564,49217,R B2 R2 D2 B D' R' D R' B D2,True
25736413123112,11,10582626,1564,49217,R B D B2 D R2 D R' B' D B2,True
65132741223323,11,10582569,1564,49217,R B R' D' R B' D B2 R2 D' B',True
32465173123121,11,10577645,1564,49217,R B2 R D' R2 D' B2 R B2 R' D,True
14725363211213,11,10572594,1564,49217,R B R2 D' R' D R D2 B2 R2 D',True
16523473332323,11,10568956,1564,49217,R B R2 B' R D B2 R' D' B D,True
12643571321321,11,10576509,1564,49217,R B D2 R2 B' D B R' B D2 R,True
16725431121311,11,10565277,1564,49217,R B R2 B' D B D2 R' B' D R',True
46375212332222,11,10565410,1564,49217,R B R2 D' R' B R D2 B2 R2 D',True
73516243323113,11,10566999,1564,49217,R B R B2 R2 D' B D' R2 B2 D',True
65742311212313,11,10562889,1564,49217,R B2 R' B2 R' B R2 D B2 D B2,True
34562171321231,11,10561059,1564,49217,R B R B' D2 R D2 R' B R' B',True
14723651113121,11,10557021,1564,49217,R B R2 D' R' B R' D2 B R D',True
35162473122221,11,10561051,1564,49217,R B D B2 R2 B' D' B' D R2 D2,True
34127651131112,11,10555535,1564,49217,R B R B' R D' R2 B2 D R' B,True
54261373123121,11,10561947,1564,49217,R B R D R2 B' R2 B R2 D' B',True
32547611131112,11,10546209,1564,49217,R B R2 B2 R D' R B2 R2 B R',True
35461271321231,11,10546891,1564,49217,R B R2 D2 B R2 B R' D' R2 D',True
73542613132322,11,10543726,1564,49217,R B R B2 R' D B2 R' B2 R B2,True
56423171321321,11,10546459,1564,49217,R B2 D R2 D' B D' B R' D' R',True
34651272332132,11,10543430,1564,49217,R B2 R' D R2 D B2 D2 R' D R',True
35426712311312,11,10542690,1564,49217,R B R2 B D2 B D' R' B R2 B,True
76342513323122,11,10542586,1564,49217,R B2 R' B' D' R D2 B' D2 B D2,True
43216573212311,11,10540496,1564,49217,R B R' D B2 D' R B' D' R D2,True
36541272323222,11,10530838,1564,49217,R B R B' D2 B R2 B D R' B',True
13246571112233,11,10532928,1564,49217,R B R' B2 D B' D' R' B2 R2 D,True
64275311222222,11,10533574,1564,49217,R B R D2 B2 R' B D' B' R2 D2,True
72563413121111,11,10528364,1564,49217,R B R D' B2 R B' D R' B D2,True
56327411211332,11,10531380,1564,49217,R B R' B' D B R2 D2 B2 R D,True
16345272333212,11,10521528,1564,49217,R B R2 D' B D' R2 B D B2 D2,True
61453721311112,11,10523587,1564,49217,R B D2 B' D B' D2 R D2 R' B2,True
34725612111113,11,10515756,1564,49217,R B R2 D' R' D R' D2 B D B,True
41325763131233,11,10520464,1564,49217,R B R B2 D2 R' B D' R' B2 D2,True
56741231311121,11,10515310,1564,49217,R B R B' R2 B D' R D' B2 R,True
71326453132121,11,10517639,1564,49217,R B2 R' B2 R' B R' B2 D2 B' D,True
32156471113211,11,10510600,1564,49217,R B R' B D2 B' R B R2 D2 B2,True
16243571321321,11,10512769,1564,49217,R B2 D R2 D' B D' B R' D' R,True
37652141113232,11,10507201,1564,49217,R B R D' B2 R D2 R' D R' B',True
52147631211131,11,10503496,1564,49217,R B R B' D2 R B' R B' D B2,True
54167231131112,11,10500652,1564,49217,R B R D2 B2 D B D' R2 B2 D',True
74213652323132,11,10500715,1564,49217,R B R' D B R' D B' D2 B2 R,True
14723653232222,11,10498727,1564,49217,R B D R2 B' D' R D' R D2 B,True
72546311323112,11,10503310,1564,49217,R B2 R D R2 D2 R' B R2 D' R',True
72361453232333,11,10496580,1564,49217,R B R B2 D' R D' B' R2 D B',True
45612373332122,11,10499508,1564,49217,R B2 R2 D2 R' B D B2 D2 R2 D',True
76315241322122,11,10498392,1564,49217,R B D2 R' B2 R D B2 D' R2 D,True
14765231113121,11,10492371,1564,49217,R B R2 D' R' B R' D2 B R D,True
75264132223331,11,10494004,1564,49217,R B R B D2 R' B R' B' R2 B2,True
74365212111311,11,10485660,1564,49217,R B R2 B2 D B D' B R2 B R2,True
72143651312111,11,10484080,1564,49217,R B R B2 D2 B D B' R2 D2 B,True
36527413311311,11,10483020,1564,49217,R B R B D2 R B2 R B' D2 R2,True
56723413331111,11,10480359,1564,49217,R B R B' R2 D2 R B R2 B R2,True
76145233232333,11,10478263,1564,49217,R B R2 B2 D R D' B D2 B D2,True
73645213112231,11,10482077,1564,49217,R B D2 R' D R D2 B R B' D',True
72145633232231,11,10485299,1564,49217,R B R' D' R D2 R B' D' B D,True
67412353332221,11,10478246,1564,49217,R B D' B2 R2 B D2 B R2 D R,True
47512632312323,11,10472874,1564,49217,R B R2 D2 R D' R' D2 R' D B',True
14726533323122,11,10473895,1564,49217,R B2 R B' R B2 R2 D B D2 B',True
56723413221212,11,10466305,1564,49217,R B D2 R2 D B R2 B R B2 R',True
17423653213232,11,10471983,1564,49217,R B2 R' B R2 D' B R D R' D2,True
13254761323322,11,10467647,1564,49217,R B2 R B R2 B2 R' D R2 B' D',True
12543671331113,11,10456999,1564,49217,R B D R2 B' R2 B D2 B2 R' D,True
14735621333111,11,10456018,1564,49217,R B R B2 R D2 R' D2 B D R2,True
72356143211123,11,10454084,1564,49217,R B R D2 R2 B2 R' B' D B' D,True
12543673231223,11,10454069,1564,49217,R B D B2 R' D' B R' B D2 R,True
41752632312323,11,10454958,1564,49217,R B R2 D2 B D' B D' R2 D R',True
32745611223332,11,10456021,1564,49217,R B R2 D B2 R' D' R' B2 R' D',True
14563272323222,11,10443042,1564,49217,R B R B' D2 B D' R' B D' R2,True
76245313123121,11,10444946,1564,49217,R B2 R D2 R2 B R D R' D2 R',True
72145631233223,11,10447307,1564,49217,R B R' B' D R2 D R' D' B D,True
56324171221331,11,10445999,1564,49217,R B R' B R2 D' B D' R2 B2 D,True
76245311213312,11,10441025,1564,49217,R B D' R' D R2 D B' R B2 R',True
74512362313223,11,10437558,1564,49217,R B R B' D2 B' R' B D2 R' D2,True
52163471213111,11,10430937,1564,49217,R B R2 B' D B' D R2 B2 D2 B',True
36125471213111,11,10424810,1564,49217,R B R2 B2 R' D R2 B' D' B2 R,True
76325411112131,11,10424074,1564,49217,R B R2 B' R D B D' B R' B2,True
16542371331221,11,10431117,1564,49217,R B2 R' D B2 R' B D R B' D',True
17426531331332,11,10430109,1564,49217,R B D2 R' B' R' B2 D B' D2 B,True
12543673111331,11,10418734,1564,49217,R B D R' D R2 D' B2 R B' R,True
16453272111131,11,10418940,1564,49217,R B D' R B R' D R' D2 R2 B,True
35246171113322,11,10416184,1564,49217,R B R' B D2 B2 D B R2 B D',True
12564733323122,11,10421305,1564,49217,R B R B D' B2 R2 B' D2 R' B,True
36745212131111,11,10412172,1564,49217,R B R' B D B D' R2 D R' B2,True
74365211213111,11,10411899,1564,49217,R B R2 B' D B R2 B2 D B' R2,True
23576412312323,11,10409789,1564,49217,R B R B' R' D B2 D B2 R' B2,True
14752632332132,11,10409545,1564,49217,R B2 R2 B' D2 B R D' R2 B D',True
57236141322233,11,10405153,1564,49217,R B R' B2 R' B2 R D' R' D' R,True
56327413213112,11,10406905,1564,49217,R B R' B2 D2 R' B R' B' R D2,True
54721633333331,11,10395674,1564,49217,R B R2 D2 R B R2 B D R2 D',True
54326171321231,11,10396410,1564,49217,R B D' R2 D' R2 D R' B' D' R,True
45612372331121,11,10396338,1564,49217,R B2 R' B R2 B' D R2 B' R' B2,True
52163472111311,11,10391461,1564,49217,R B R D2 B' R D' B' D2 R B,True
61453723111121,11,10390899,1564,49217,R B D B2 R2 D B R2 D2 B' D',True
76345122213311,11,10390928,1564,49217,R B R' B R' D' B2 R' D2 R' D',True
36125472111311,11,10381506,1564,49217,R B R2 B2 R' D' B2 R B D2 R',True
41752631222123,11,10383108,1564,49217,R B R B2 R B2 R D' B' R D2,True
76145232331313,11,10379048,1564,49217,R B R2 B' R' D2 R' B D B2 R2,True
36745212121223,11,10376444,1564,49217,R B R2 B' R' D2 B R' D' R2 B2,True
32156742333131,11,10377997,1564,49217,R B R B2 R B R' D B2 R D2,True
76245313122122,11,10376025,1564,49217,R B D B' R2 D R B' D B2 D,True
65314272311132,11,10373071,1564,49217,R B R B' R2 B' D' R B2 R2 D',True
54167231333213,11,10369865,1564,49217,R B R' B D R B2 D' R D2 R',True
15724631211311,11,10370546,1564,49217,R B D B' D R' B D2 B2 D B',True
71432563332113,11,10360050,1564,49217,R B R2 D' B R2 D B' D' B' R,True
46513272332111,11,10357629,1564,49217,R B R2 D2 B' R B' R B R' D',True
52673413232123,11,10353903,1564,49217,R B R2 D' R2 D' R D R' D2 B2,True
54167231121113,11,10348559,1564,49217,R B R2 B' R D' B R2 D2 B2 D',True
72165433321223,11,10349330,1564,49217,R B R' D2 B2 R B' R' B D' B,True
17362451231321,11,10349431,1564,49217,R B D R' D2 B D' R' D B' R2,True
75642132213311,11,10347225,1564,49217,R B R' B R' D' B2 R' D2 R' D2,True
14325673232333,11,10341210,1564,49217,R B R2 B2 R' D' R2 B R B2 D',True
17425631332112,11,10344307,1564,49217,R B D' R' B R' B' R B' D R',True
32156742311123,11,10340048,1564,49217,R B R D B2 R' B R' D' B2 D2,True
12347653132223,11,10335140,1564,49217,R B R D' B2 D R' D' R2 D2 B2,True
56723411131112,11,10334680,1564,49217,R B R D' R2 D' R' D B D2 R',True
31624751112233,11,10330804,1564,49217,R B R2 D' R2 B D' B' D B' R2,True
12734561322233,11,10329171,1564,49217,R B R2 D' R2 B D' R' D B' R2,True
76145231121113,11,10325790,1564,49217,R B R2 B2 R' D B2 R' D' B2 R,True
25134672312323,11,10326220,1564,49217,R B R' D2 B R D B2 R' D B2,True
23165472111332,11,10322823,1564,49217,R B R2 B R B2 D B2 D R2 D,True
32561473323212,11,10319256,1564,49217,R B R2 B' D B' D2 R2 B' R' B2,True
74163253133231,11,10321306,1564,49217,R B2 R' B D' R2 B2 R' D' B2 D',True
74125632321332,11,10316372,1564,49217,R B R2 D2 R B2 R' D B R2 D',True
73542613132121,11,10321365,1564,49217,R B D R' B2 D2 B R' B' D2 B2,True
54721632212231,11,10316368,1564,49217,R B R' D R B R2 D' B D2 B',True
65274131311313,11,10315314,1564,49217,R B R D' R B2 R' D2 B R' B,True
75314623113122,11,10313288,1564,49217,R B2 R' D2 R' D B2 R B2 R D2,True
46513273113221,11,10315156,1564,49217,R B R D' B2 D' R B2 D B' R,True
31265471313113,11,10310315,1564,49217,R B R B' D2 B D' B2 R D' R,True
54167232333113,11,10309258,1564,49217,R B R' B R2 B' R2 D B R D',True
32164571232323,11,10308892,1564,49217,R B R2 D' B R' B R B D' R2,True
32165742331112,11,10308284,1564,49217,R B R2 B R' D R' B' R' B R2,True
52341673232333,11,10303058,1564,49217,R B R B2 D' R D' B' R2 D B,True
16453271211113,11,10303595,1564,49217,R B D2 B R B2 D' R2 B R B2,True
56723413222112,11,10303324,1564,49217,R B2 R D' B R' B' D B' D R2,True
63752411223212,11,10301815,1564,49217,R B R D' B2 D' B D R D2 R2,True
14752363222121,11,10301548,1564,49217,R B R2 B R2 B D' B' D R2 D,True
54126371331221,11,10305881,1564,49217,R B R' B' D R D' R D2 R' D,True
74125632122111,11,10293744,1564,49217,R B R' B2 D2 B' R' D2 R D2 B',True
52163471312111,11,10290359,1564,49217,R B R B2 D2 B D B' R2 D2 B',True
16725433122212,11,10287951,1564,49217,R B R2 B' D' B2 R B' D' B2 R2,True
47156322313232,11,10285565,1564,49217,R B R2 B R' D' B R' B' R2 B,True
64531272132131,11,10283638,1564,49217,R B D R2 D' R D2 B' R2 B D2,True
64531273312211,11,10279670,1564,49217,R B R B' R D2 R' D R' D R2,True
71432563323113,11,10279568,1564,49217,R B D2 R' B R2 D R' D' B' D,True
74365211312111,11,10274793,1564,49217,R B R B2 D2 B D B' D2 B' R2,True
76543211223221,11,10271654,1564,49217,R B2 R' D R' B2 D2 B' D' B2 D',True
72643513212332,11,10272240,1564,49217,R B2 R' B' D' R D2 R D2 R' D2,True
32175461113112,11,10266339,1564,49217,R B D2 B R' B R B2 D' B R',True
74365212333332,11,10261643,1564,49217,R B R2 B D2 B' D2 B D' R' B2,True
12347652111221,11,10257578,1564,49217,R B R2 B' R D' B2 R2 D' B' R2,True
34261573123121,11,10262247,1564,49217,R B D' R' B D' R B2 D' R' B2,True
76543211332331,11,10257070,1564,49217,R B2 R' B D2 R' D' B' D R' D',True
63752143123223,11,10256586,1564,49217,R B D R2 B2 R' B' R' D R2 D2,True
17642533312211,11,10249780,1564,49217,R B R D' B2 D' R' B D2 R' D2,True
45312671222312,11,10253189,1564,49217,R B R' D2 R B' D2 R D R B2,True
14725363213121,11,10248206,1564,49217,R B R B2 D2 B' R' B' R D2 R2,True
13462572213311,11,10242789,1564,49217,R B R2 D B' D2 B' D' R D2 B',True
75346213132322,11,10241688,1564,49217,R B R B2 R' D' B2 R D2 R' B2,True
32174652332132,11,10243127,1564,49217,R B D B' R B' R D2 R' D2 B',True
26543171123111,11,10237054,1564,49217,R B R2 B' R D' R2 B R2 B' R2,True
36127451333222,11,10238443,1564,49217,R B R B D' B2 R' D B D B,True
32765411131112,11,10229400,1564,49217,R B R D2 B2 D B D' B2 D' R2,True
43527612312323,11,10230456,1564,49217,R B D R2 B' R D' R D' R2 B,True
16725431311121,11,10225559,1564,49217,R B R B' R2 B D' R D' B2 R',True
51632741323232,11,10227136,1564,49217,R B D' R2 B D R' D R2 D' R,True
54326171112233,11,10226980,1564,49217,R B R' D2 R' D2 R D' B' D' R,True
65132472131231,11,10224885,1564,49217,R B R B' D2 B' D B R D2 R2,True
62135472132131,11,10224585,1564,49217,R B D R2 D' R' D2 B D2 B' D2,True
16427531211311,11,10220045,1564,49217,R B D R2 B2 D R' B' D B2 R2,True
52713461232323,11,10217556,1564,49217,R B R2 B' D2 R2 B R' B' R2 B,True
32156472312332,11,10220469,1564,49217,R B D' R B' D' R2 B2 D' R B',True
36745213131131,11,10214388,1564,49217,R B R B2 D' B' R B' R B2 D,True
52163472131222,11,10212090,1564,49217,R B D2 R2 D R B2 R B R2 B',True
63247511123132,11,10211838,1564,49217,R B D' B D' B' D' R B2 D B',True
47156233322312,11,10211409,1564,49217,R B R' D R' D' B R2 D' R' D',True
52341671311313,11,10206044,1564,49217,R B R2 B' R B2 D' R2 D R B2,True
52163473221323,11,10205538,1564,49217,R B R2 B' D R2 B' R2 B D B2,True
56347211312111,11,10204569,1564,49217,R B R B' R2 B' D' R D B2 R',True
45732612233321,11,10205004,1564,49217,R B R D' R2 D' R' D R2 D2 B',True
15763242323132,11,10206068,1564,49217,R B D R2 B2 R' B' R2 B' D2 B,True
45671233112132,11,10200460,1564,49217,R B2 R' B2 R' D R2 B R2 B R2,True
47632152233321,11,10195660,1564,49217,R B R D2 B' R B' D R' D2 B,True
45312673222112,11,10198242,1564,49217,R B R' D2 B' R2 B R' B2 D B',True
32745612322331,11,10192597,1564,49217,R B R B2 R D B' D2 B' R' D2,True
12365473332323,11,10184473,1564,49217,R B R2 B' R D B2 R' D' B D',True
61352472233321,11,10183564,1564,49217,R B R' B D2 B R B R D2 B2,True
15672341323112,11,10187083,1564,49217,R B2 R B D2 B2 D' B R2 D' B',True
36721452122123,11,10181720,1564,49217,R B R2 B' R B2 D' B' R D2 R2,True
75236143213232,11,10187558,1564,49217,R B R' B R2 B' D R B R' B',True
32561473222223,11,10178155,1564,49217,R B R B' D2 B R' D' B2 D2 R2,True
45612373132121,11,10181964,1564,49217,R B D' B R' D' R2 B2 D' R D',True
76315241113112,11,10176960,1564,49217,R B D2 B D' R B R2 D' B R',True
51367241211113,11,10175238,1564,49217,R B D' R2 D B2 R' B D B D',True
16243571132132,11,10166389,1564,49217,R B R2 D' R D' B2 D' R2 B' R2,True
74163253131332,11,10160991,1564,49217,R B R' B2 D2 R' D B D B2 R2,True
75321463132121,11,10155451,1564,49217,R B2 R' B D2 B D2 B2 R' D R',True
72543162311111,11,10152790,1564,49217,R B R2 B D' B D' B R2 D' R,True
25736411321312,11,10154822,1564,49217,R B R D2 R B2 R D' R' D B2,True
32765413122212,11,10149755,1564,49217,R B R' D' B R' D' R B2 D' R2,True
12365473232312,11,10146428,1564,49217,R B D B D2 R D2 R B' R2 D2,True
16543721113211,11,10145180,1564,49217,R B R D' R2 B D' B' R D' R2,True
75346211311211,11,10146705,1564,49217,R B R2 B D' R' B R' B' D2 B,True
12543672331232,11,10138862,1564,49217,R B R2 B D' R B2 R D2 B D2,True
75346213132121,11,10143031,1564,49217,R B D R' B2 D2 B R' B D2 B2,True
14765233113131,11,10135772,1564,49217,R B R2 B' R D2 R' D R B2 D2,True
32147562313223,11,10133156,1564,49217,R B R D' R D2 R' B R' D B2,True
31624753312211,11,10129888,1564,49217,R B R D R D2 B R' B D2 R2,True
72345611133113,11,10128644,1564,49217,R B R B2 D' R2 D R2 D2 B' D,True
21354762213311,11,10130933,1564,49217,R B R' D2 R B R' D R' D B2,True
13762451321321,11,10135939,1564,49217,R B R2 B2 R B2 D R2 D2 B D',True
53621471331221,11,10134845,1564,49217,R B R D' R2 B2 D B' R' D B2,True
54371621113322,11,10127299,1564,49217,R B R2 B' R2 D2 B D' B' D2 B,True
76315241332112,11,10128007,1564,49217,R B D B' D2 B R' B2 D B' R,True
17452363322132,11,10125870,1564,49217,R B R2 D' R' D' R B2 R B R,True
23156471333132,11,10125320,1564,49217,R B R B2 R B R D' B2 R' B2,True
56723411222312,11,10122752,1564,49217,R B2 R B' R D' B' D R' D R2,True
32145673112222,11,10120571,1564,49217,R B R' B2 D2 R D' R' D B' R,True
17543261132111,11,10119257,1564,49217,R B R2 B D B2 R' B2 D R B2,True
13645271221331,11,10123899,1564,49217,R B D2 B2 R D' B2 R B D2 R2,True
16534271111132,11,10117654,1564,49217,R B R B2 D' R B' R B' R2 D,True
74125633131233,11,10115102,1564,49217,R B R' D2 R' B' D2 B R' D2 R2,True
12347653132322,11,10098811,1564,49217,R B R D B2 R2 D2 R D2 R' B,True
45713623223132,11,10098324,1564,49217,R B D' B2 R' D R D' B R2 D2,True
74361253211231,11,10101846,1564,49217,R B R B' D' B D' R' D R2 D,True
36241573212332,11,10100064,1564,49217,R B R2 B2 D B' D' B R2 D B,True
14762351331221,11,10097698,1564,49217,R B2 R B' R2 D2 R' B R D2 R,True
71543622111131,11,10093217,1564,49217,R B R D2 B2 D' R' B2 R' D2 R,True
35462171221223,11,10094248,1564,49217,R B R D B D' B' D B2 R' B,True
73645211332112,11,10094243,1564,49217,R B D2 R D' R D2 R2 B' R B2,True
17425631223113,11,10089054,1564,49217,R B D B2 D B2 D' B2 R B R2,True
32465172133121,11,10086725,1564,49217,R B R' D B' D' R2 B2 D' B R',True
27543611111132,11,10082282,1564,49217,R B R' B2 D2 B R2 B D2 R B,True
32765413223312,11,10077506,1564,49217,R B2 R D R2 D2 B D' R D2 R',True
64531273122131,11,10077459,1564,49217,R B R B' D2 R2 D R' D' R2 D2,True
16572433213223,11,10074719,1564,49217,R B D' R2 B2 R D2 R D2 B R,True
24367513111121,11,10066810,1564,49217,R B R' D2 R B' R B' R2 D2 B2,True
15627431332112,11,10066920,1564,49217,R B D2 R D' R D2 R2 B' R' D2,True
32156472332132,11,10064497,1564,49217,R B D B' R B' R D2 R' D2 B,True
76145231311331,11,10055862,1564,49217,R B R' B D' R2 D' R B R D2,True
17452363213232,11,10055024,1564,49217,R B2 R' B R2 D' B R D R' D',True
14723651211212,11,10049120,1564,49217,R B R2 B R' D B2 D B2 R D2,True
65274133232321,11,10050657,1564,49217,R B D' R D' B R2 B2 R B' R',True
63752143212323,11,10048328,1564,49217,R B R B2 R2 B D R' D B' R',True
15724633132322,11,10045589,1564,49217,R B R B2 R' D B2 R' B2 R' D2,True
34261572133121,11,10042095,1564,49217,R B R' B' R2 D2 B' D B R' D,True
74123563323221,11,10041509,1564,49217,R B R B' D2 B' R B2 D R' B,True
32174652312332,11,10040091,1564,49217,R B R2 B2 D' R D' R2 D' B2 D',True
47156322332312,11,10037061,1564,49217,R B R' B R2 D' B' D B' D2 R',True
47621533231121,11,10028324,1564,49217,R B2 R B' R D R2 B' R B D2,True
62543711311112,11,10024981,1564,49217,R B R D2 B' R B' R D' R' B2,True
12376543133132,11,10027509,1564,49217,R B R D' B2 D R' D' R2 D2 B',True
46527133111121,11,10020159,1564,49217,R B R' D2 R B' R B' D2 B2 R2,True
24173652323231,11,10016366,1564,49217,R B R B' R2 D R' D' R D' B2,True
32164571111231,11,10016589,1564,49217,R B D B' D2 R D2 R' B R' B,True
42367153111121,11,10009918,1564,49217,R B R' D2 R B' R B R2 D2 B2,True
76341253233131,11,10005857,1564,49217,R B R2 B R2 B' D2 B' D B R2,True
74163253133132,11,10002583,1564,49217,R B D' R2 B2 D R' D' B D' B,True
16537421332112,11,10006901,1564,49217,R B R2 D' R' B' R' B R' B2 R,True
51264732213311,11,9998345,1564,49217,R B R B2 R2 D2 R' D' R D' B,True
72345611222222,11,9996652,1564,49217,R B R' B2 R' D' B2 D B' D2 B2,True
13276541323322,11,9995738,1564,49217,R B D2 R' B D' R D B R' D2,True
73146522113231,11,9989156,1564,49217,R B D B D2 B D B2 D2 R' D',True
47152361233232,11,9990042,1564,49217,R B R' D B D2 B2 D' R' D2 B,True
15346271321321,11,9983433,1564,49217,R B R' D R D2 R2 B' R' D B2,True
12365471313113,11,9976652,1564,49217,R B R D2 B' R2 B D2 B2 R' B,True
14735621223113,11,9978088,1564,49217,R B R' B' R D' B' D R' D R',True
63172452312323,11,9969309,1564,49217,R B R B R D2 R B' R D2 B2,True
17436521323232,11,9970745,1564,49217,R B R' B D2 R D' B' D' B2 D',True
12376543133231,11,9968995,1564,49217,R B R D B2 R2 D2 R D2 R' B2,True
14726531333312,11,9965753,1564,49217,R B R2 D' B D2 R B' D' B' D,True
76342511323112,11,9961083,1564,49217,R B D2 R' B R' B D R B' R2,True
32765413322312,11,9958612,1564,49217,R B2 R B D2 B2 R B' R B2 R',True
76345123312211,11,9959159,1564,49217,R B R B' R B' D' B2 R2 D' R,True
15643273223111,11,9958944,1564,49217,R B R B2 R D' B' R' B2 D R,True
36125472121223,11,9954707,1564,49217,R B R' B' R D' R' B R2 D' B2,True
12467351231321,11,9951485,1564,49217,R B D B2 R' B R' B D' R2 B,True
36752143132232,11,9952256,1564,49217,R B R B D B' D' B D2 R' B,True
15672343213232,11,9951326,1564,49217,R B2 R D' R2 B2 R' D R B2 R,True
63714522332132,11,9950257,1564,49217,R B R D2 R' D R2 B' R2 B D2,True
36745211211221,11,9944881,1564,49217,R B R2 B D' B R2 D' R B R',True
17463251331221,11,9948563,1564,49217,R B D2 B' R' B2 D R' B R D',True
46375213333121,11,9942576,1564,49217,R B R2 B D' R D' B' R' D R2,True
17426531223221,11,9941196,1564,49217,R B R B D2 R2 B2 R B2 R' B2,True
15647233213232,11,9943021,1564,49217,R B R B' R2 D2 B D' B' D R2,True
65417323223123,11,9937667,1564,49217,R B D2 B' R B' D2 R B2 R' D2,True
56723412122312,11,9922949,1564,49217,R B R2 D2 R D B2 D R D2 R',True
56347211331131,11,9921779,1564,49217,R B R D' R2 B2 R D R2 D R2,True
62154733321121,11,9918493,1564,49217,R B D' R' D B2 D R2 B' R2 B,True
76315241223113,11,9915357,1564,49217,R B R2 D R' B R2 B2 D' R B2,True
12734562313223,11,9900204,1564,49217,R B R B R D2 B D' B D2 R2,True
24715632313223,11,9901559,1564,49217,R B R D' R B' R' D2 B2 R' B,True
54637211132111,11,9881493,1564,49217,R B R' B2 R D2 B' D B R D',True
62135473122131,11,9882602,1564,49217,R B R B' D2 R2 D R' D R2 D2,True
15367421223113,11,9874419,1564,49217,R B D2 B D R2 B' R2 D R D2,True
16537421223113,11,9875884,1564,49217,R B R2 D R' B R2 B2 D' R' D2,True
15627431223113,11,9876000,1564,49217,R B R' D' R' D' R2 B R' D2 R,True
76245311131121,11,9871800,1564,49217,R B R' B D' R B2 R2 B R' D',True
57364213332122,11,9862315,1564,49217,R B R2 B2 D R' D B' D B D,True
61472533112111,11,9852687,1564,49217,R B R B2 D2 R B' R' D R2 B2,True
54362711111231,11,9849457,1564,49217,R B D' B2 R D R' B D2 B' R,True
27453161123111,11,9848727,1564,49217,R B R2 D B2 D R2 D2 B' D R,True
45612373322111,11,9848616,1564,49217,R B R' B' D R2 D R' B R2 B',True
51647231113232,11,9841026,1564,49217,R B R2 D2 B D2 B R' D' B2 D,True
75243613213232,11,9830112,1564,49217,R B D2 B' D' B2 R B' D R D',True
23674153232321,11,9825873,1564,49217,R B D R' B2 R' B' R' D R2 B',True
46375211211332,11,9826315,1564,49217,R B R' B' R2 D' R' D R2 B' R',True
35267141223233,11,9823816,1564,49217,R B D B' R' B' D R D' R D2,True
57214361323232,11,9817301,1564,49217,R B R' D2 B D B' D R2 D' R,True
31527643332122,11,9815259,1564,49217,R B R' B R B' R D' B2 D2 R,True
37614521323232,11,9812827,1564,49217,R B D R' B2 D R2 D' R D' B,True
16257433223123,11,9811034,1564,49217,R B D B2 R2 B' D' B2 D' B2 D,True
32167453222313,11,9806139,1564,49217,R B R D B2 R B2 R B' R2 D2,True
46375212132131,11,9801212,1564,49217,R B R D2 B2 R2 D B' R2 B D',True
14735621332112,11,9800395,1564,49217,R B R D2 R D2 R' B2 D B R2,True
14735621333222,11,9797960,1564,49217,R B R2 B D2 R B D' B D' B',True
16725433333232,11,9787166,1564,49217,R B R2 B R' B R2 D' B D B',True
63752142332132,11,9788624,1564,49217,R B R D2 R' D' R2 B D2 B' D2,True
46352171211233,11,9776218,1564,49217,R B D' R D R B' R2 D B D',True
54317261113112,11,9773154,1564,49217,R B D2 B' R D' R' B2 D B' R,True
34165273222322,11,9767654,1564,49217,R B R2 B R2 D2 B R' B' D B2,True
13542671231231,11,9767222,1564,49217,R B R' B R D2 R2 D' R' D2 B,True
52731641233112,11,9763449,1564,49217,R B R' D' B D' B D2 R2 B' D,True
42315673112111,11,9762859,1564,49217,R B R' B2 D' B D' R' D R2 D,True
67435123123121,11,9754486,1564,49217,R B D2 R' D2 R' D R' D2 B2 D,True
56173421113112,11,9748068,1564,49217,R B D2 B' D R' D' B2 R D' R,True
31452672322331,11,9747762,1564,49217,R B D' B' D B2 D B2 R' B2 R,True
24715633112111,11,9742575,1564,49217,R B R D' B R' D R2 D2 R B',True
54231673123121,11,9731844,1564,49217,R B R' D R D B2 R2 B D2 R2,True
72345613221221,11,9726519,1564,49217,R B D2 B R2 B' R2 B' D B D2,True
74125633133222,11,9724921,1564,49217,R B D2 B D2 B' D2 B' D R D2,True
31265471321111,11,9717208,1564,49217,R B R2 B D' B D B2 R' D R',True
23456713212332,11,9716631,1564,49217,R B R2 B' R2 D B' R2 B R B',True
75346213112132,11,9710864,1564,49217,R B R' B2 R D R' B D' R D2,True
67435121332112,11,9707476,1564,49217,R B D2 R' D2 R' B D' B2 R2 B,True
73645211321111,11,9706011,1564,49217,R B R2 B R' B D R2 B' D R',True
73645211223113,11,9703874,1564,49217,R B R D' B2 D B' D2 R D' R,True
31452671332232,11,9701243,1564,49217,R B D' B D R D' R2 B R D',True
53421671321231,11,9700244,1564,49217,R B R2 D2 B R2 B R' D' R2 D,True
15236473231121,11,9686793,1564,49217,R B R' D2 B' D R D' R D2 B2,True
42561733323122,11,9679735,1564,49217,R B R D2 B2 R B R2 D2 B' R',True
32156471232332,11,9680223,1564,49217,R B R' D' R D2 R B' R D2 R',True
45623712332123,11,9677078,1564,49217,R B D' R D' B' R' D B2 R D',True
76253141123132,11,9671928,1564,49217,R B D R' B2 R D' B R D2 B2,True
36217543213112,11,9658553,1564,49217,R B D' R2 B' D R B' D R2 B2,True
62317453112111,11,9651654,1564,49217,R B D B2 D B' D' R D' R2 B,True
32465172132131,11,9633389,1564,49217,R B R B' R D' B R2 B' D2 R,True
76315243211231,11,9628420,1564,49217,R B R2 B R2 D B D' R B' R',True
64713253112111,11,9617725,1564,49217,R B D R' B2 D' R B' D' R B2,True
12637451332112,11,9616961,1564,49217,R B R2 B R B2 D' R2 B R D2,True
56124371111231,11,9608726,1564,49217,R B R' B2 D B R' B R2 B' R,True
47621532232331,11,9606054,1564,49217,R B R' D R' B' R' B D2 R D',True
47156322332132,11,9602535,1564,49217,R B R D2 R' D R2 B' R2 B' R2,True
15746321323211,11,9597053,1564,49217,R B D R B2 R D R2 D2 B' D',True
43216573132121,11,9589928,1564,49217,R B R2 B2 D' B R' D2 R' D2 R',True
25137461211323,11,9578532,1564,49217,R B R2 B' R D R2 D2 R B R',True
13276541323112,11,9580080,1564,49217,R B R2 D' B D' B R B R' B2,True
56423171231231,11,9582194,1564,49217,R B R' B' D B' R2 D2 B' R' D,True
34261572132131,11,9566664,1564,49217,R B R B' R D' B R2 B' D2 R',True
12346571111231,11,9544729,1564,49217,R B R' B2 R' B' D' R D2 B D',True
71432561323232,11,9541284,1564,49217,R B R D' B2 R B2 R' D B' D,True
52163471333123,11,9519828,1564,49217,R B R' D B2 D' B2 R D R B',True
23751463112321,11,9489581,1564,49217,R B R' D R D B' R2 D R B',True
45671231132231,11,9487828,1564,49217,R B D R' D' R' D B D' B D2,True
76253141211332,11,9484906,1564,49217,R B R' B D B D' R2 B D B',True
32451762331121,11,9484753,1564,49217,R B R' B' D B2 D R2 B' R2 B,True
57241631322113,11,9455508,1564,49217,R B R2 B2 D' B R2 B' D R2 D',True
62374511322311,11,9440690,1564,49217,R B R' B2 D' B D R' D B2 R2,True
41357622313112,11,9437727,1564,49217,R B D B' D2 B R' B R B2 D2,True
76342511111231,11,9423197,1564,49217,R B R B' D2 R B2 R' D R' D,True
65123471233232,11,9419998,1564,49217,R B R' B D R2 D R' D' B' D2,True
52731641323112,11,9410899,1564,49217,R B R' B' R B' D B2 R2 D' B,True
16542371221331,11,9413346,1564,49217,R B R2 B D' B R' D' R2 B R',True
62147353132121,11,9390805,1564,49217,R B R B2 D' R B' D B' R' D2,True
32156473223123,11,9390225,1564,49217,R B R B' R B2 R' D2 B R' D,True
23751461132123,11,9385390,1564,49217,R B R' D' R B2 R B2 D' R2 D,True
17356241212313,11,9376500,1564,49217,R B R' B' R D2 R B R' D2 R2,True
75412631223332,11,9373464,1564,49217,R B R D2 B R' D R2 D R' B2,True
32647153132121,11,9368613,1564,49217,R B R' D2 B2 D B2 D B2 R D,True
14723652322121,11,9368079,1564,49217,R B R2 D' R2 D B R2 D' R2 B',True
17463251221331,11,9366634,1564,49217,R B R2 B D B' R2 D R B D',True
45637123332122,11,9341339,1564,49217,R B R2 D B2 D B2 D2 R' B R,True
23456173212332,11,9344855,1564,49217,R B R' B' D' R B2 D' B D2 B',True
13764251211311,11,9318948,1564,49217,R B R B' D2 R' B R' B' R B2,True
15342671211311,11,9317995,1564,49217,R B R B' D2 R' B R' B' R D2,True
25364173223231,11,9305690,1564,49217,R B R D' R' D' R B D' R B2,True
32417653132121,11,9300397,1564,49217,R B R B2 D2 B' R' B2 R' B2 R,True
45623713322321,11,9272845,1564,49217,R B R' B D' R' B' R B2 D R',True
53467211321111,11,9258164,1564,49217,R B R2 B' D R' B' D2 R D' R,True
17324561232332,11,9219443,1564,49217,R B R D B2 D B R2 B2 D' B',True
51623471321111,11,9211648,1564,49217,R B R2 B' R B' D' B2 R B' R,True
72345611221223,11,9209105,1564,49217,R B R D2 B' R B2 R' D R2 D2,True
17362451211311,11,9206786,1564,49217,R B R D2 R D' B' D R' D2 B,True
74125633132232,11,9197850,1564,49217,R B R B2 D' R B2 R' D B2 D2,True
26345711223113,11,9183924,1564,49217,R B R2 D' R2 D' R D' R2 B2 R,True
75314621133221,11,9173744,1564,49217,R B R B' R' D' B R D' R B2,True
14763523222331,11,9175511,1564,49217,R B R B' R D B2 D2 R' B' D,True
42137653132121,11,9169210,1564,49217,R B R2 B R' B D' R D2 B' R,True
36217541223311,11,9167604,1564,49217,R B R2 B' D B R2 B2 R B D',True
57241631323112,11,9163115,1564,49217,R B R2 B2 D' R D2 R' B R2 B',True
47653213232111,11,9159833,1564,49217,R B R B D2 B R' B' R' D2 R2,True
76421351131121,11,9156351,1564,49217,R B R B' D2 B' R' B' R D2 B',True
31452671323211,11,9150007,1564,49217,R B R D' B2 D B' D R B2 D2,True
72345612331331,11,9127053,1564,49217,R B R B' R2 D R' D2 R B2 R2,True
42165373223123,11,9095659,1564,49217,R B R2 D' R2 D' B D' R2 B2 R,True
46352172113231,11,9060312,1564,49217,R B R B' D2 B D' B R B2 D2,True
62374513312112,11,9021241,1564,49217,R B R B2 D R' D B2 D B' D2,True
15746322313112,11,9012580,1564,49217,R B R B D2 B D R2 D2 B' D',True
